wdog_reload restart 0x10000000,TIMEOUT,20180728-162318
wdog_reload start 0x20000000,TIMEOUT,20180728-162418
wdog_reload restart 0x20000000,TIMEOUT,20180728-162518
wdog_fly,TIMEOUT,20180728-162618
wdog_int,TIMEOUT,20180728-162718
gpio_input 0, 1 0,FAIL : fail,20180728-163327
gpio_input 0 0 1,FAIL : fail,20180728-163327
 dma_test_m2m 0 0x3000c000 0x50008000 0x400 0,FAIL : fail,20180728-164424
 dma_test_m2m 0 0x3000c000 0x50008000 0x400 1,FAIL : fail,20180728-164425
 dma_test_m2m 0 0x3000c000 0x50008000 0x800 0,FAIL : fail,20180728-164425
 dma_test_m2m 0 0x3000c000 0x50008000 0x800 1,FAIL : fail,20180728-164427
 dma_test_m2m 0 0x3000c000 0x50030000 0x400 0,FAIL : fail,20180728-164427
 dma_test_m2m 0 0x3000c000 0x50030000 0x400 1,FAIL : fail,20180728-164429
 dma_test_m2m 0 0x3000c000 0x50030000 0x800 0,FAIL : fail,20180728-164429
 dma_test_m2m 0 0x3000c000 0x50030000 0x800 1,FAIL : fail,20180728-164431
 dma_test_m2m 0 0x3000c000 0x500207c8 0x400 0,FAIL : fail,20180728-164431
 dma_test_m2m 0 0x3000c000 0x500207c8 0x400 1,FAIL : fail,20180728-164433
 dma_test_m2m 0 0x3000c000 0x500207c8 0x800 0,FAIL : fail,20180728-164433
 dma_test_m2m 0 0x3000c000 0x500207c8 0x800 1,FAIL : fail,20180728-164435
 dma_test_m2m 0 0x30034000 0x50008000 0x400 0,FAIL : fail,20180728-164451
 dma_test_m2m 0 0x30034000 0x50008000 0x400 1,FAIL : fail,20180728-164452
 dma_test_m2m 0 0x30034000 0x50008000 0x800 0,FAIL : fail,20180728-164452
 dma_test_m2m 0 0x30034000 0x50008000 0x800 1,FAIL : fail,20180728-164454
 dma_test_m2m 0 0x30034000 0x50030000 0x400 0,FAIL : fail,20180728-164454
 dma_test_m2m 0 0x30034000 0x50030000 0x400 1,FAIL : fail,20180728-164456
 dma_test_m2m 0 0x30034000 0x50030000 0x800 0,FAIL : fail,20180728-164456
 dma_test_m2m 0 0x30034000 0x50030000 0x800 1,FAIL : fail,20180728-164458
 dma_test_m2m 0 0x30034000 0x500207c8 0x400 0,FAIL : fail,20180728-164458
 dma_test_m2m 0 0x30034000 0x500207c8 0x400 1,FAIL : fail,20180728-164459
 dma_test_m2m 0 0x30034000 0x500207c8 0x800 0,FAIL : fail,20180728-164500
 dma_test_m2m 0 0x30034000 0x500207c8 0x800 1,FAIL : fail,20180728-164502
 dma_test_m2m 0 0x300283e4 0x30008000 0x400 0,FAIL : fail,20180728-164506
 dma_test_m2m 0 0x300283e4 0x30008000 0x400 1,FAIL : fail,20180728-164507
 dma_test_m2m 0 0x300283e4 0x30008000 0x800 0,FAIL : fail,20180728-164507
 dma_test_m2m 0 0x300283e4 0x30008000 0x800 1,FAIL : fail,20180728-164510
 dma_test_m2m 0 0x300283e4 0x30030000 0x400 0,FAIL : fail,20180728-164510
 dma_test_m2m 0 0x300283e4 0x30030000 0x400 1,FAIL : fail,20180728-164511
 dma_test_m2m 0 0x300283e4 0x30030000 0x800 0,FAIL : fail,20180728-164511
 dma_test_m2m 0 0x300283e4 0x30030000 0x800 1,FAIL : fail,20180728-164513
 dma_test_m2m 0 0x300283e4 0x300207c8 0x400 0,FAIL : fail,20180728-164514
 dma_test_m2m 0 0x300283e4 0x300207c8 0x400 1,FAIL : fail,20180728-164515
 dma_test_m2m 0 0x300283e4 0x300207c8 0x800 0,FAIL : fail,20180728-164515
 dma_test_m2m 0 0x300283e4 0x300207c8 0x800 1,FAIL : fail,20180728-164517
 dma_test_m2m 0 0x300283e4 0x50008000 0x400 0,FAIL : fail,20180728-164518
 dma_test_m2m 0 0x300283e4 0x50008000 0x400 1,FAIL : fail,20180728-164519
 dma_test_m2m 0 0x300283e4 0x50008000 0x800 0,FAIL : fail,20180728-164519
 dma_test_m2m 0 0x300283e4 0x50008000 0x800 1,FAIL : fail,20180728-164521
 dma_test_m2m 0 0x300283e4 0x50030000 0x400 0,FAIL : fail,20180728-164521
 dma_test_m2m 0 0x300283e4 0x50030000 0x400 1,FAIL : fail,20180728-164523
 dma_test_m2m 0 0x300283e4 0x50030000 0x800 0,FAIL : fail,20180728-164523
 dma_test_m2m 0 0x300283e4 0x50030000 0x800 1,FAIL : fail,20180728-164525
 dma_test_m2m 0 0x300283e4 0x500207c8 0x400 0,FAIL : fail,20180728-164525
 dma_test_m2m 0 0x300283e4 0x500207c8 0x400 1,FAIL : fail,20180728-164526
 dma_test_m2m 0 0x300283e4 0x500207c8 0x800 0,FAIL : fail,20180728-164527
 dma_test_m2m 0 0x300283e4 0x500207c8 0x800 1,FAIL : fail,20180728-164529
 dma_test_m2m 0 0x300283e4 0x6015b688 0x400 0,FAIL : fail,20180728-164529
 dma_test_m2m 0 0x300283e4 0x6015b688 0x400 1,FAIL : fail,20180728-164530
 dma_test_m2m 0 0x300283e4 0x6015b688 0x800 0,FAIL : fail,20180728-164531
 dma_test_m2m 0 0x300283e4 0x6015b688 0x800 1,FAIL : fail,20180728-164533
 dma_test_m2m 0 0x5000c000 0x30008000 0x400 0,FAIL : fail,20180728-164533
 dma_test_m2m 0 0x5000c000 0x30008000 0x400 1,FAIL : fail,20180728-164534
 dma_test_m2m 0 0x5000c000 0x30008000 0x800 0,FAIL : fail,20180728-164534
 dma_test_m2m 0 0x5000c000 0x30008000 0x800 1,FAIL : fail,20180728-164537
 dma_test_m2m 0 0x5000c000 0x30030000 0x400 0,FAIL : fail,20180728-164537
 dma_test_m2m 0 0x5000c000 0x30030000 0x400 1,FAIL : fail,20180728-164538
 dma_test_m2m 0 0x5000c000 0x30030000 0x800 0,FAIL : fail,20180728-164538
 dma_test_m2m 0 0x5000c000 0x30030000 0x800 1,FAIL : fail,20180728-164541
 dma_test_m2m 0 0x5000c000 0x300207c8 0x400 0,FAIL : fail,20180728-164541
 dma_test_m2m 0 0x5000c000 0x300207c8 0x400 1,FAIL : fail,20180728-164542
 dma_test_m2m 0 0x5000c000 0x300207c8 0x800 0,FAIL : fail,20180728-164542
 dma_test_m2m 0 0x5000c000 0x300207c8 0x800 1,FAIL : fail,20180728-164544
 dma_test_m2m 0 0x5000c000 0x50008000 0x400 0,FAIL : fail,20180728-164545
 dma_test_m2m 0 0x5000c000 0x50008000 0x400 1,FAIL : fail,20180728-164546
 dma_test_m2m 0 0x5000c000 0x50008000 0x800 0,FAIL : fail,20180728-164546
 dma_test_m2m 0 0x5000c000 0x50008000 0x800 1,FAIL : fail,20180728-164548
 dma_test_m2m 0 0x5000c000 0x50030000 0x400 0,FAIL : fail,20180728-164548
 dma_test_m2m 0 0x5000c000 0x50030000 0x400 1,FAIL : fail,20180728-164550
 dma_test_m2m 0 0x5000c000 0x50030000 0x800 0,FAIL : fail,20180728-164550
 dma_test_m2m 0 0x5000c000 0x50030000 0x800 1,FAIL : fail,20180728-164552
 dma_test_m2m 0 0x5000c000 0x500207c8 0x400 0,FAIL : fail,20180728-164552
 dma_test_m2m 0 0x5000c000 0x500207c8 0x400 1,FAIL : fail,20180728-164554
 dma_test_m2m 0 0x5000c000 0x500207c8 0x800 0,FAIL : fail,20180728-164554
 dma_test_m2m 0 0x5000c000 0x500207c8 0x800 1,FAIL : fail,20180728-164556
 dma_test_m2m 0 0x5000c000 0x6015b688 0x400 0,FAIL : fail,20180728-164556
 dma_test_m2m 0 0x5000c000 0x6015b688 0x400 1,FAIL : fail,20180728-164557
 dma_test_m2m 0 0x5000c000 0x6015b688 0x800 0,FAIL : fail,20180728-164558
 dma_test_m2m 0 0x5000c000 0x6015b688 0x800 1,FAIL : fail,20180728-164600
 dma_test_m2m 0 0x50034000 0x30008000 0x400 0,FAIL : fail,20180728-164600
 dma_test_m2m 0 0x50034000 0x30008000 0x400 1,FAIL : fail,20180728-164601
 dma_test_m2m 0 0x50034000 0x30008000 0x800 0,FAIL : fail,20180728-164601
 dma_test_m2m 0 0x50034000 0x30008000 0x800 1,FAIL : fail,20180728-164604
 dma_test_m2m 0 0x50034000 0x30030000 0x400 0,FAIL : fail,20180728-164604
 dma_test_m2m 0 0x50034000 0x30030000 0x400 1,FAIL : fail,20180728-164605
 dma_test_m2m 0 0x50034000 0x30030000 0x800 0,FAIL : fail,20180728-164605
 dma_test_m2m 0 0x50034000 0x30030000 0x800 1,FAIL : fail,20180728-164608
 dma_test_m2m 0 0x50034000 0x300207c8 0x400 0,FAIL : fail,20180728-164608
 dma_test_m2m 0 0x50034000 0x300207c8 0x400 1,FAIL : fail,20180728-164609
 dma_test_m2m 0 0x50034000 0x300207c8 0x800 0,FAIL : fail,20180728-164609
 dma_test_m2m 0 0x50034000 0x300207c8 0x800 1,FAIL : fail,20180728-164611
 dma_test_m2m 0 0x50034000 0x50008000 0x400 0,FAIL : fail,20180728-164612
 dma_test_m2m 0 0x50034000 0x50008000 0x400 1,FAIL : fail,20180728-164613
 dma_test_m2m 0 0x50034000 0x50008000 0x800 0,FAIL : fail,20180728-164613
 dma_test_m2m 0 0x50034000 0x50008000 0x800 1,FAIL : fail,20180728-164615
 dma_test_m2m 0 0x50034000 0x50030000 0x400 0,FAIL : fail,20180728-164615
 dma_test_m2m 0 0x50034000 0x50030000 0x400 1,FAIL : fail,20180728-164617
 dma_test_m2m 0 0x50034000 0x50030000 0x800 0,FAIL : fail,20180728-164617
 dma_test_m2m 0 0x50034000 0x50030000 0x800 1,FAIL : fail,20180728-164619
 dma_test_m2m 0 0x50034000 0x500207c8 0x400 0,FAIL : fail,20180728-164619
 dma_test_m2m 0 0x50034000 0x500207c8 0x400 1,FAIL : fail,20180728-164621
 dma_test_m2m 0 0x50034000 0x500207c8 0x800 0,FAIL : fail,20180728-164621
 dma_test_m2m 0 0x50034000 0x500207c8 0x800 1,FAIL : fail,20180728-164623
 dma_test_m2m 0 0x50034000 0x6015b688 0x400 0,FAIL : fail,20180728-164623
 dma_test_m2m 0 0x50034000 0x6015b688 0x400 1,FAIL : fail,20180728-164624
 dma_test_m2m 0 0x50034000 0x6015b688 0x800 0,FAIL : fail,20180728-164625
 dma_test_m2m 0 0x50034000 0x6015b688 0x800 1,FAIL : fail,20180728-164627
 dma_test_m2m 0 0x500283e4 0x30008000 0x400 0,FAIL : fail,20180728-164627
 dma_test_m2m 0 0x500283e4 0x30008000 0x400 1,FAIL : fail,20180728-164628
 dma_test_m2m 0 0x500283e4 0x30008000 0x800 0,FAIL : fail,20180728-164628
 dma_test_m2m 0 0x500283e4 0x30008000 0x800 1,FAIL : fail,20180728-164631
 dma_test_m2m 0 0x500283e4 0x30030000 0x400 0,FAIL : fail,20180728-164631
 dma_test_m2m 0 0x500283e4 0x30030000 0x400 1,FAIL : fail,20180728-164632
 dma_test_m2m 0 0x500283e4 0x30030000 0x800 0,FAIL : fail,20180728-164632
 dma_test_m2m 0 0x500283e4 0x30030000 0x800 1,FAIL : fail,20180728-164635
 dma_test_m2m 0 0x500283e4 0x300207c8 0x400 0,FAIL : fail,20180728-164635
 dma_test_m2m 0 0x500283e4 0x300207c8 0x400 1,FAIL : fail,20180728-164636
 dma_test_m2m 0 0x500283e4 0x300207c8 0x800 0,FAIL : fail,20180728-164636
 dma_test_m2m 0 0x500283e4 0x300207c8 0x800 1,FAIL : fail,20180728-164638
 dma_test_m2m 0 0x500283e4 0x50008000 0x400 0,FAIL : fail,20180728-164639
 dma_test_m2m 0 0x500283e4 0x50008000 0x400 1,FAIL : fail,20180728-164640
 dma_test_m2m 0 0x500283e4 0x50008000 0x800 0,FAIL : fail,20180728-164640
 dma_test_m2m 0 0x500283e4 0x50008000 0x800 1,FAIL : fail,20180728-164642
 dma_test_m2m 0 0x500283e4 0x50030000 0x400 0,FAIL : fail,20180728-164642
 dma_test_m2m 0 0x500283e4 0x50030000 0x400 1,FAIL : fail,20180728-164644
 dma_test_m2m 0 0x500283e4 0x50030000 0x800 0,FAIL : fail,20180728-164644
 dma_test_m2m 0 0x500283e4 0x50030000 0x800 1,FAIL : fail,20180728-164646
 dma_test_m2m 0 0x500283e4 0x500207c8 0x400 0,FAIL : fail,20180728-164646
 dma_test_m2m 0 0x500283e4 0x500207c8 0x400 1,FAIL : fail,20180728-164648
 dma_test_m2m 0 0x500283e4 0x500207c8 0x800 0,FAIL : fail,20180728-164648
 dma_test_m2m 0 0x500283e4 0x500207c8 0x800 1,FAIL : fail,20180728-164650
 dma_test_m2m 0 0x500283e4 0x6015b688 0x400 0,FAIL : fail,20180728-164650
 dma_test_m2m 0 0x500283e4 0x6015b688 0x400 1,FAIL : fail,20180728-164651
 dma_test_m2m 0 0x500283e4 0x6015b688 0x800 0,FAIL : fail,20180728-164652
 dma_test_m2m 0 0x500283e4 0x6015b688 0x800 1,FAIL : fail,20180728-164654
 dma_test_m2m 0 0x601ae880 0x50008000 0x400 0,FAIL : fail,20180728-164706
 dma_test_m2m 0 0x601ae880 0x50008000 0x400 1,FAIL : fail,20180728-164707
 dma_test_m2m 0 0x601ae880 0x50008000 0x800 0,FAIL : fail,20180728-164707
 dma_test_m2m 0 0x601ae880 0x50008000 0x800 1,FAIL : fail,20180728-164709
 dma_test_m2m 0 0x601ae880 0x50030000 0x400 0,FAIL : fail,20180728-164709
 dma_test_m2m 0 0x601ae880 0x50030000 0x400 1,FAIL : fail,20180728-164711
 dma_test_m2m 0 0x601ae880 0x50030000 0x800 0,FAIL : fail,20180728-164711
 dma_test_m2m 0 0x601ae880 0x50030000 0x800 1,FAIL : fail,20180728-164713
 dma_test_m2m 0 0x601ae880 0x500207c8 0x400 0,FAIL : fail,20180728-164713
 dma_test_m2m 0 0x601ae880 0x500207c8 0x400 1,FAIL : fail,20180728-164714
 dma_test_m2m 0 0x601ae880 0x500207c8 0x800 0,FAIL : fail,20180728-164715
 dma_test_m2m 0 0x601ae880 0x500207c8 0x800 1,FAIL : fail,20180728-164717
 dma_test_m2m 1 0x3000c000 0x50008000 0x400 0,FAIL : fail,20180728-164732
 dma_test_m2m 1 0x3000c000 0x50008000 0x400 1,FAIL : fail,20180728-164734
 dma_test_m2m 1 0x3000c000 0x50008000 0x800 0,FAIL : fail,20180728-164734
 dma_test_m2m 1 0x3000c000 0x50008000 0x800 1,FAIL : fail,20180728-164736
 dma_test_m2m 1 0x3000c000 0x50030000 0x400 0,FAIL : fail,20180728-164736
 dma_test_m2m 1 0x3000c000 0x50030000 0x400 1,FAIL : fail,20180728-164737
 dma_test_m2m 1 0x3000c000 0x50030000 0x800 0,FAIL : fail,20180728-164738
 dma_test_m2m 1 0x3000c000 0x50030000 0x800 1,FAIL : fail,20180728-164740
 dma_test_m2m 1 0x3000c000 0x500207c8 0x400 0,FAIL : fail,20180728-164740
 dma_test_m2m 1 0x3000c000 0x500207c8 0x400 1,FAIL : fail,20180728-164741
 dma_test_m2m 1 0x3000c000 0x500207c8 0x800 0,FAIL : fail,20180728-164742
 dma_test_m2m 1 0x3000c000 0x500207c8 0x800 1,FAIL : fail,20180728-164744
 dma_test_m2m 1 0x30034000 0x50008000 0x400 0,FAIL : fail,20180728-164759
 dma_test_m2m 1 0x30034000 0x50008000 0x400 1,FAIL : fail,20180728-164801
 dma_test_m2m 1 0x30034000 0x50008000 0x800 0,FAIL : fail,20180728-164801
 dma_test_m2m 1 0x30034000 0x50008000 0x800 1,FAIL : fail,20180728-164803
 dma_test_m2m 1 0x30034000 0x50030000 0x400 0,FAIL : fail,20180728-164803
 dma_test_m2m 1 0x30034000 0x50030000 0x400 1,FAIL : fail,20180728-164804
 dma_test_m2m 1 0x30034000 0x50030000 0x800 0,FAIL : fail,20180728-164805
 dma_test_m2m 1 0x30034000 0x50030000 0x800 1,FAIL : fail,20180728-164807
 dma_test_m2m 1 0x30034000 0x500207c8 0x400 0,FAIL : fail,20180728-164807
 dma_test_m2m 1 0x30034000 0x500207c8 0x400 1,FAIL : fail,20180728-164808
 dma_test_m2m 1 0x30034000 0x500207c8 0x800 0,FAIL : fail,20180728-164808
 dma_test_m2m 1 0x30034000 0x500207c8 0x800 1,FAIL : fail,20180728-164811
 dma_test_m2m 1 0x300283e4 0x30008000 0x400 0,FAIL : fail,20180728-164815
 dma_test_m2m 1 0x300283e4 0x30008000 0x400 1,FAIL : fail,20180728-164816
 dma_test_m2m 1 0x300283e4 0x30008000 0x800 0,FAIL : fail,20180728-164816
 dma_test_m2m 1 0x300283e4 0x30008000 0x800 1,FAIL : fail,20180728-164818
 dma_test_m2m 1 0x300283e4 0x30030000 0x400 0,FAIL : fail,20180728-164819
 dma_test_m2m 1 0x300283e4 0x30030000 0x400 1,FAIL : fail,20180728-164820
 dma_test_m2m 1 0x300283e4 0x30030000 0x800 0,FAIL : fail,20180728-164820
 dma_test_m2m 1 0x300283e4 0x30030000 0x800 1,FAIL : fail,20180728-164822
 dma_test_m2m 1 0x300283e4 0x300207c8 0x400 0,FAIL : fail,20180728-164822
 dma_test_m2m 1 0x300283e4 0x300207c8 0x400 1,FAIL : fail,20180728-164824
 dma_test_m2m 1 0x300283e4 0x300207c8 0x800 0,FAIL : fail,20180728-164824
 dma_test_m2m 1 0x300283e4 0x300207c8 0x800 1,FAIL : fail,20180728-164826
 dma_test_m2m 1 0x300283e4 0x50008000 0x400 0,FAIL : fail,20180728-164826
 dma_test_m2m 1 0x300283e4 0x50008000 0x400 1,FAIL : fail,20180728-164828
 dma_test_m2m 1 0x300283e4 0x50008000 0x800 0,FAIL : fail,20180728-164828
 dma_test_m2m 1 0x300283e4 0x50008000 0x800 1,FAIL : fail,20180728-164830
 dma_test_m2m 1 0x300283e4 0x50030000 0x400 0,FAIL : fail,20180728-164830
 dma_test_m2m 1 0x300283e4 0x50030000 0x400 1,FAIL : fail,20180728-164831
 dma_test_m2m 1 0x300283e4 0x50030000 0x800 0,FAIL : fail,20180728-164832
 dma_test_m2m 1 0x300283e4 0x50030000 0x800 1,FAIL : fail,20180728-164834
 dma_test_m2m 1 0x300283e4 0x500207c8 0x400 0,FAIL : fail,20180728-164834
 dma_test_m2m 1 0x300283e4 0x500207c8 0x400 1,FAIL : fail,20180728-164835
 dma_test_m2m 1 0x300283e4 0x500207c8 0x800 0,FAIL : fail,20180728-164835
 dma_test_m2m 1 0x300283e4 0x500207c8 0x800 1,FAIL : fail,20180728-164838
 dma_test_m2m 1 0x300283e4 0x6015b688 0x400 0,FAIL : fail,20180728-164838
 dma_test_m2m 1 0x300283e4 0x6015b688 0x400 1,FAIL : fail,20180728-164839
 dma_test_m2m 1 0x300283e4 0x6015b688 0x800 0,FAIL : fail,20180728-164839
 dma_test_m2m 1 0x300283e4 0x6015b688 0x800 1,FAIL : fail,20180728-164842
 dma_test_m2m 1 0x5000c000 0x30008000 0x400 0,FAIL : fail,20180728-164842
 dma_test_m2m 1 0x5000c000 0x30008000 0x400 1,FAIL : fail,20180728-164843
 dma_test_m2m 1 0x5000c000 0x30008000 0x800 0,FAIL : fail,20180728-164843
 dma_test_m2m 1 0x5000c000 0x30008000 0x800 1,FAIL : fail,20180728-164845
 dma_test_m2m 1 0x5000c000 0x30030000 0x400 0,FAIL : fail,20180728-164846
 dma_test_m2m 1 0x5000c000 0x30030000 0x400 1,FAIL : fail,20180728-164847
 dma_test_m2m 1 0x5000c000 0x30030000 0x800 0,FAIL : fail,20180728-164847
 dma_test_m2m 1 0x5000c000 0x30030000 0x800 1,FAIL : fail,20180728-164849
 dma_test_m2m 1 0x5000c000 0x300207c8 0x400 0,FAIL : fail,20180728-164850
 dma_test_m2m 1 0x5000c000 0x300207c8 0x400 1,FAIL : fail,20180728-164851
 dma_test_m2m 1 0x5000c000 0x300207c8 0x800 0,FAIL : fail,20180728-164851
 dma_test_m2m 1 0x5000c000 0x300207c8 0x800 1,FAIL : fail,20180728-164853
 dma_test_m2m 1 0x5000c000 0x50008000 0x400 0,FAIL : fail,20180728-164853
 dma_test_m2m 1 0x5000c000 0x50008000 0x400 1,FAIL : fail,20180728-164855
 dma_test_m2m 1 0x5000c000 0x50008000 0x800 0,FAIL : fail,20180728-164855
 dma_test_m2m 1 0x5000c000 0x50008000 0x800 1,FAIL : fail,20180728-164857
 dma_test_m2m 1 0x5000c000 0x50030000 0x400 0,FAIL : fail,20180728-164857
 dma_test_m2m 1 0x5000c000 0x50030000 0x400 1,FAIL : fail,20180728-164859
 dma_test_m2m 1 0x5000c000 0x50030000 0x800 0,FAIL : fail,20180728-164859
 dma_test_m2m 1 0x5000c000 0x50030000 0x800 1,FAIL : fail,20180728-164901
 dma_test_m2m 1 0x5000c000 0x500207c8 0x400 0,FAIL : fail,20180728-164901
 dma_test_m2m 1 0x5000c000 0x500207c8 0x400 1,FAIL : fail,20180728-164902
 dma_test_m2m 1 0x5000c000 0x500207c8 0x800 0,FAIL : fail,20180728-164903
 dma_test_m2m 1 0x5000c000 0x500207c8 0x800 1,FAIL : fail,20180728-164905
 dma_test_m2m 1 0x5000c000 0x6015b688 0x400 0,FAIL : fail,20180728-164905
 dma_test_m2m 1 0x5000c000 0x6015b688 0x400 1,FAIL : fail,20180728-164906
 dma_test_m2m 1 0x5000c000 0x6015b688 0x800 0,FAIL : fail,20180728-164906
 dma_test_m2m 1 0x5000c000 0x6015b688 0x800 1,FAIL : fail,20180728-164909
 dma_test_m2m 1 0x50034000 0x30008000 0x400 0,FAIL : fail,20180728-164909
 dma_test_m2m 1 0x50034000 0x30008000 0x400 1,FAIL : fail,20180728-164910
 dma_test_m2m 1 0x50034000 0x30008000 0x800 0,FAIL : fail,20180728-164910
 dma_test_m2m 1 0x50034000 0x30008000 0x800 1,FAIL : fail,20180728-164913
 dma_test_m2m 1 0x50034000 0x30030000 0x400 0,FAIL : fail,20180728-164913
 dma_test_m2m 1 0x50034000 0x30030000 0x400 1,FAIL : fail,20180728-164914
 dma_test_m2m 1 0x50034000 0x30030000 0x800 0,FAIL : fail,20180728-164914
 dma_test_m2m 1 0x50034000 0x30030000 0x800 1,FAIL : fail,20180728-164916
 dma_test_m2m 1 0x50034000 0x300207c8 0x400 0,FAIL : fail,20180728-164917
 dma_test_m2m 1 0x50034000 0x300207c8 0x400 1,FAIL : fail,20180728-164918
 dma_test_m2m 1 0x50034000 0x300207c8 0x800 0,FAIL : fail,20180728-164918
 dma_test_m2m 1 0x50034000 0x300207c8 0x800 1,FAIL : fail,20180728-164920
 dma_test_m2m 1 0x50034000 0x50008000 0x400 0,FAIL : fail,20180728-164921
 dma_test_m2m 1 0x50034000 0x50008000 0x400 1,FAIL : fail,20180728-164922
 dma_test_m2m 1 0x50034000 0x50008000 0x800 0,FAIL : fail,20180728-164922
 dma_test_m2m 1 0x50034000 0x50008000 0x800 1,FAIL : fail,20180728-164924
 dma_test_m2m 1 0x50034000 0x50030000 0x400 0,FAIL : fail,20180728-164924
 dma_test_m2m 1 0x50034000 0x50030000 0x400 1,FAIL : fail,20180728-164926
 dma_test_m2m 1 0x50034000 0x50030000 0x800 0,FAIL : fail,20180728-164926
 dma_test_m2m 1 0x50034000 0x50030000 0x800 1,FAIL : fail,20180728-164928
 dma_test_m2m 1 0x50034000 0x500207c8 0x400 0,FAIL : fail,20180728-164928
 dma_test_m2m 1 0x50034000 0x500207c8 0x400 1,FAIL : fail,20180728-164930
 dma_test_m2m 1 0x50034000 0x500207c8 0x800 0,FAIL : fail,20180728-164930
 dma_test_m2m 1 0x50034000 0x500207c8 0x800 1,FAIL : fail,20180728-164932
 dma_test_m2m 1 0x50034000 0x6015b688 0x400 0,FAIL : fail,20180728-164932
 dma_test_m2m 1 0x50034000 0x6015b688 0x400 1,FAIL : fail,20180728-164933
 dma_test_m2m 1 0x50034000 0x6015b688 0x800 0,FAIL : fail,20180728-164934
 dma_test_m2m 1 0x50034000 0x6015b688 0x800 1,FAIL : fail,20180728-164936
 dma_test_m2m 1 0x500283e4 0x30008000 0x400 0,FAIL : fail,20180728-164936
 dma_test_m2m 1 0x500283e4 0x30008000 0x400 1,FAIL : fail,20180728-164937
 dma_test_m2m 1 0x500283e4 0x30008000 0x800 0,FAIL : fail,20180728-164937
 dma_test_m2m 1 0x500283e4 0x30008000 0x800 1,FAIL : fail,20180728-164940
 dma_test_m2m 1 0x500283e4 0x30030000 0x400 0,FAIL : fail,20180728-164940
 dma_test_m2m 1 0x500283e4 0x30030000 0x400 1,FAIL : fail,20180728-164941
 dma_test_m2m 1 0x500283e4 0x30030000 0x800 0,FAIL : fail,20180728-164941
 dma_test_m2m 1 0x500283e4 0x30030000 0x800 1,FAIL : fail,20180728-164944
 dma_test_m2m 1 0x500283e4 0x300207c8 0x400 0,FAIL : fail,20180728-164944
 dma_test_m2m 1 0x500283e4 0x300207c8 0x400 1,FAIL : fail,20180728-164945
 dma_test_m2m 1 0x500283e4 0x300207c8 0x800 0,FAIL : fail,20180728-164945
 dma_test_m2m 1 0x500283e4 0x300207c8 0x800 1,FAIL : fail,20180728-164948
 dma_test_m2m 1 0x500283e4 0x50008000 0x400 0,FAIL : fail,20180728-164948
 dma_test_m2m 1 0x500283e4 0x50008000 0x400 1,FAIL : fail,20180728-164949
 dma_test_m2m 1 0x500283e4 0x50008000 0x800 0,FAIL : fail,20180728-164949
 dma_test_m2m 1 0x500283e4 0x50008000 0x800 1,FAIL : fail,20180728-164951
 dma_test_m2m 1 0x500283e4 0x50030000 0x400 0,FAIL : fail,20180728-164952
 dma_test_m2m 1 0x500283e4 0x50030000 0x400 1,FAIL : fail,20180728-164953
 dma_test_m2m 1 0x500283e4 0x50030000 0x800 0,FAIL : fail,20180728-164953
 dma_test_m2m 1 0x500283e4 0x50030000 0x800 1,FAIL : fail,20180728-164955
 dma_test_m2m 1 0x500283e4 0x500207c8 0x400 0,FAIL : fail,20180728-164955
 dma_test_m2m 1 0x500283e4 0x500207c8 0x400 1,FAIL : fail,20180728-164957
 dma_test_m2m 1 0x500283e4 0x500207c8 0x800 0,FAIL : fail,20180728-164957
 dma_test_m2m 1 0x500283e4 0x500207c8 0x800 1,FAIL : fail,20180728-164959
 dma_test_m2m 1 0x500283e4 0x6015b688 0x400 0,FAIL : fail,20180728-164959
 dma_test_m2m 1 0x500283e4 0x6015b688 0x400 1,FAIL : fail,20180728-165001
 dma_test_m2m 1 0x500283e4 0x6015b688 0x800 0,FAIL : fail,20180728-165001
 dma_test_m2m 1 0x500283e4 0x6015b688 0x800 1,FAIL : fail,20180728-165003
 dma_test_m2m 1 0x601ae880 0x50008000 0x400 0,FAIL : fail,20180728-165015
 dma_test_m2m 1 0x601ae880 0x50008000 0x400 1,FAIL : fail,20180728-165016
 dma_test_m2m 1 0x601ae880 0x50008000 0x800 0,FAIL : fail,20180728-165016
 dma_test_m2m 1 0x601ae880 0x50008000 0x800 1,FAIL : fail,20180728-165019
 dma_test_m2m 1 0x601ae880 0x50030000 0x400 0,FAIL : fail,20180728-165019
 dma_test_m2m 1 0x601ae880 0x50030000 0x400 1,FAIL : fail,20180728-165020
 dma_test_m2m 1 0x601ae880 0x50030000 0x800 0,FAIL : fail,20180728-165020
 dma_test_m2m 1 0x601ae880 0x50030000 0x800 1,FAIL : fail,20180728-165023
 dma_test_m2m 1 0x601ae880 0x500207c8 0x400 0,FAIL : fail,20180728-165023
 dma_test_m2m 1 0x601ae880 0x500207c8 0x400 1,FAIL : fail,20180728-165024
 dma_test_m2m 1 0x601ae880 0x500207c8 0x800 0,FAIL : fail,20180728-165024
 dma_test_m2m 1 0x601ae880 0x500207c8 0x800 1,FAIL : fail,20180728-165026
 dma_test_m2m 2 0x3000c000 0x50008000 0x400 0,FAIL : fail,20180728-165042
 dma_test_m2m 2 0x3000c000 0x50008000 0x400 1,FAIL : fail,20180728-165043
 dma_test_m2m 2 0x3000c000 0x50008000 0x800 0,FAIL : fail,20180728-165043
 dma_test_m2m 2 0x3000c000 0x50008000 0x800 1,FAIL : fail,20180728-165046
 dma_test_m2m 2 0x3000c000 0x50030000 0x400 0,FAIL : fail,20180728-165046
 dma_test_m2m 2 0x3000c000 0x50030000 0x400 1,FAIL : fail,20180728-165047
 dma_test_m2m 2 0x3000c000 0x50030000 0x800 0,FAIL : fail,20180728-165047
 dma_test_m2m 2 0x3000c000 0x50030000 0x800 1,FAIL : fail,20180728-165050
 dma_test_m2m 2 0x3000c000 0x500207c8 0x400 0,FAIL : fail,20180728-165050
 dma_test_m2m 2 0x3000c000 0x500207c8 0x400 1,FAIL : fail,20180728-165051
 dma_test_m2m 2 0x3000c000 0x500207c8 0x800 0,FAIL : fail,20180728-165051
 dma_test_m2m 2 0x3000c000 0x500207c8 0x800 1,FAIL : fail,20180728-165053
 dma_test_m2m 2 0x30034000 0x50008000 0x400 0,FAIL : fail,20180728-165109
 dma_test_m2m 2 0x30034000 0x50008000 0x400 1,FAIL : fail,20180728-165110
 dma_test_m2m 2 0x30034000 0x50008000 0x800 0,FAIL : fail,20180728-165111
 dma_test_m2m 2 0x30034000 0x50008000 0x800 1,FAIL : fail,20180728-165113
 dma_test_m2m 2 0x30034000 0x50030000 0x400 0,FAIL : fail,20180728-165113
 dma_test_m2m 2 0x30034000 0x50030000 0x400 1,FAIL : fail,20180728-165114
 dma_test_m2m 2 0x30034000 0x50030000 0x800 0,FAIL : fail,20180728-165114
 dma_test_m2m 2 0x30034000 0x50030000 0x800 1,FAIL : fail,20180728-165117
 dma_test_m2m 2 0x30034000 0x500207c8 0x400 0,FAIL : fail,20180728-165117
 dma_test_m2m 2 0x30034000 0x500207c8 0x400 1,FAIL : fail,20180728-165118
 dma_test_m2m 2 0x30034000 0x500207c8 0x800 0,FAIL : fail,20180728-165118
 dma_test_m2m 2 0x30034000 0x500207c8 0x800 1,FAIL : fail,20180728-165121
 dma_test_m2m 2 0x300283e4 0x30008000 0x400 0,FAIL : fail,20180728-165125
 dma_test_m2m 2 0x300283e4 0x30008000 0x400 1,FAIL : fail,20180728-165126
 dma_test_m2m 2 0x300283e4 0x30008000 0x800 0,FAIL : fail,20180728-165126
 dma_test_m2m 2 0x300283e4 0x30008000 0x800 1,FAIL : fail,20180728-165128
 dma_test_m2m 2 0x300283e4 0x30030000 0x400 0,FAIL : fail,20180728-165128
 dma_test_m2m 2 0x300283e4 0x30030000 0x400 1,FAIL : fail,20180728-165130
 dma_test_m2m 2 0x300283e4 0x30030000 0x800 0,FAIL : fail,20180728-165130
 dma_test_m2m 2 0x300283e4 0x30030000 0x800 1,FAIL : fail,20180728-165132
 dma_test_m2m 2 0x300283e4 0x300207c8 0x400 0,FAIL : fail,20180728-165132
 dma_test_m2m 2 0x300283e4 0x300207c8 0x400 1,FAIL : fail,20180728-165134
 dma_test_m2m 2 0x300283e4 0x300207c8 0x800 0,FAIL : fail,20180728-165134
 dma_test_m2m 2 0x300283e4 0x300207c8 0x800 1,FAIL : fail,20180728-165136
 dma_test_m2m 2 0x300283e4 0x50008000 0x400 0,FAIL : fail,20180728-165136
 dma_test_m2m 2 0x300283e4 0x50008000 0x400 1,FAIL : fail,20180728-165138
 dma_test_m2m 2 0x300283e4 0x50008000 0x800 0,FAIL : fail,20180728-165138
 dma_test_m2m 2 0x300283e4 0x50008000 0x800 1,FAIL : fail,20180728-165140
 dma_test_m2m 2 0x300283e4 0x50030000 0x400 0,FAIL : fail,20180728-165140
 dma_test_m2m 2 0x300283e4 0x50030000 0x400 1,FAIL : fail,20180728-165141
 dma_test_m2m 2 0x300283e4 0x50030000 0x800 0,FAIL : fail,20180728-165142
 dma_test_m2m 2 0x300283e4 0x50030000 0x800 1,FAIL : fail,20180728-165144
 dma_test_m2m 2 0x300283e4 0x500207c8 0x400 0,FAIL : fail,20180728-165144
 dma_test_m2m 2 0x300283e4 0x500207c8 0x400 1,FAIL : fail,20180728-165145
 dma_test_m2m 2 0x300283e4 0x500207c8 0x800 0,FAIL : fail,20180728-165146
 dma_test_m2m 2 0x300283e4 0x500207c8 0x800 1,FAIL : fail,20180728-165148
 dma_test_m2m 2 0x300283e4 0x6015b688 0x400 0,FAIL : fail,20180728-165148
 dma_test_m2m 2 0x300283e4 0x6015b688 0x400 1,FAIL : fail,20180728-165149
 dma_test_m2m 2 0x300283e4 0x6015b688 0x800 0,FAIL : fail,20180728-165149
 dma_test_m2m 2 0x300283e4 0x6015b688 0x800 1,FAIL : fail,20180728-165152
 dma_test_m2m 2 0x5000c000 0x30008000 0x400 0,FAIL : fail,20180728-165152
 dma_test_m2m 2 0x5000c000 0x30008000 0x400 1,FAIL : fail,20180728-165153
 dma_test_m2m 2 0x5000c000 0x30008000 0x800 0,FAIL : fail,20180728-165153
 dma_test_m2m 2 0x5000c000 0x30008000 0x800 1,FAIL : fail,20180728-165156
 dma_test_m2m 2 0x5000c000 0x30030000 0x400 0,FAIL : fail,20180728-165156
 dma_test_m2m 2 0x5000c000 0x30030000 0x400 1,FAIL : fail,20180728-165157
 dma_test_m2m 2 0x5000c000 0x30030000 0x800 0,FAIL : fail,20180728-165157
 dma_test_m2m 2 0x5000c000 0x30030000 0x800 1,FAIL : fail,20180728-165200
 dma_test_m2m 2 0x5000c000 0x300207c8 0x400 0,FAIL : fail,20180728-165200
 dma_test_m2m 2 0x5000c000 0x300207c8 0x400 1,FAIL : fail,20180728-165201
 dma_test_m2m 2 0x5000c000 0x300207c8 0x800 0,FAIL : fail,20180728-165201
 dma_test_m2m 2 0x5000c000 0x300207c8 0x800 1,FAIL : fail,20180728-165203
 dma_test_m2m 2 0x5000c000 0x50008000 0x400 0,FAIL : fail,20180728-165204
 dma_test_m2m 2 0x5000c000 0x50008000 0x400 1,FAIL : fail,20180728-165205
 dma_test_m2m 2 0x5000c000 0x50008000 0x800 0,FAIL : fail,20180728-165205
 dma_test_m2m 2 0x5000c000 0x50008000 0x800 1,FAIL : fail,20180728-165207
 dma_test_m2m 2 0x5000c000 0x50030000 0x400 0,FAIL : fail,20180728-165207
 dma_test_m2m 2 0x5000c000 0x50030000 0x400 1,FAIL : fail,20180728-165209
 dma_test_m2m 2 0x5000c000 0x50030000 0x800 0,FAIL : fail,20180728-165209
 dma_test_m2m 2 0x5000c000 0x50030000 0x800 1,FAIL : fail,20180728-165211
 dma_test_m2m 2 0x5000c000 0x500207c8 0x400 0,FAIL : fail,20180728-165211
 dma_test_m2m 2 0x5000c000 0x500207c8 0x400 1,FAIL : fail,20180728-165213
 dma_test_m2m 2 0x5000c000 0x500207c8 0x800 0,FAIL : fail,20180728-165213
 dma_test_m2m 2 0x5000c000 0x500207c8 0x800 1,FAIL : fail,20180728-165215
 dma_test_m2m 2 0x5000c000 0x6015b688 0x400 0,FAIL : fail,20180728-165215
 dma_test_m2m 2 0x5000c000 0x6015b688 0x400 1,FAIL : fail,20180728-165217
 dma_test_m2m 2 0x5000c000 0x6015b688 0x800 0,FAIL : fail,20180728-165217
 dma_test_m2m 2 0x5000c000 0x6015b688 0x800 1,FAIL : fail,20180728-165219
 dma_test_m2m 2 0x50034000 0x30008000 0x400 0,FAIL : fail,20180728-165219
 dma_test_m2m 2 0x50034000 0x30008000 0x400 1,FAIL : fail,20180728-165220
 dma_test_m2m 2 0x50034000 0x30008000 0x800 0,FAIL : fail,20180728-165221
 dma_test_m2m 2 0x50034000 0x30008000 0x800 1,FAIL : fail,20180728-165223
 dma_test_m2m 2 0x50034000 0x30030000 0x400 0,FAIL : fail,20180728-165223
 dma_test_m2m 2 0x50034000 0x30030000 0x400 1,FAIL : fail,20180728-165224
 dma_test_m2m 2 0x50034000 0x30030000 0x800 0,FAIL : fail,20180728-165224
 dma_test_m2m 2 0x50034000 0x30030000 0x800 1,FAIL : fail,20180728-165227
 dma_test_m2m 2 0x50034000 0x300207c8 0x400 0,FAIL : fail,20180728-165227
 dma_test_m2m 2 0x50034000 0x300207c8 0x400 1,FAIL : fail,20180728-165228
 dma_test_m2m 2 0x50034000 0x300207c8 0x800 0,FAIL : fail,20180728-165228
 dma_test_m2m 2 0x50034000 0x300207c8 0x800 1,FAIL : fail,20180728-165231
 dma_test_m2m 2 0x50034000 0x50008000 0x400 0,FAIL : fail,20180728-165231
 dma_test_m2m 2 0x50034000 0x50008000 0x400 1,FAIL : fail,20180728-165232
 dma_test_m2m 2 0x50034000 0x50008000 0x800 0,FAIL : fail,20180728-165232
 dma_test_m2m 2 0x50034000 0x50008000 0x800 1,FAIL : fail,20180728-165235
 dma_test_m2m 2 0x50034000 0x50030000 0x400 0,FAIL : fail,20180728-165235
 dma_test_m2m 2 0x50034000 0x50030000 0x400 1,FAIL : fail,20180728-165236
 dma_test_m2m 2 0x50034000 0x50030000 0x800 0,FAIL : fail,20180728-165236
 dma_test_m2m 2 0x50034000 0x50030000 0x800 1,FAIL : fail,20180728-165238
 dma_test_m2m 2 0x50034000 0x500207c8 0x400 0,FAIL : fail,20180728-165239
 dma_test_m2m 2 0x50034000 0x500207c8 0x400 1,FAIL : fail,20180728-165240
 dma_test_m2m 2 0x50034000 0x500207c8 0x800 0,FAIL : fail,20180728-165240
 dma_test_m2m 2 0x50034000 0x500207c8 0x800 1,FAIL : fail,20180728-165242
 dma_test_m2m 2 0x50034000 0x6015b688 0x400 0,FAIL : fail,20180728-165243
 dma_test_m2m 2 0x50034000 0x6015b688 0x400 1,FAIL : fail,20180728-165244
 dma_test_m2m 2 0x50034000 0x6015b688 0x800 0,FAIL : fail,20180728-165244
 dma_test_m2m 2 0x50034000 0x6015b688 0x800 1,FAIL : fail,20180728-165246
 dma_test_m2m 2 0x500283e4 0x30008000 0x400 0,FAIL : fail,20180728-165246
 dma_test_m2m 2 0x500283e4 0x30008000 0x400 1,FAIL : fail,20180728-165248
 dma_test_m2m 2 0x500283e4 0x30008000 0x800 0,FAIL : fail,20180728-165248
 dma_test_m2m 2 0x500283e4 0x30008000 0x800 1,FAIL : fail,20180728-165250
 dma_test_m2m 2 0x500283e4 0x30030000 0x400 0,FAIL : fail,20180728-165250
 dma_test_m2m 2 0x500283e4 0x30030000 0x400 1,FAIL : fail,20180728-165252
 dma_test_m2m 2 0x500283e4 0x30030000 0x800 0,FAIL : fail,20180728-165252
 dma_test_m2m 2 0x500283e4 0x30030000 0x800 1,FAIL : fail,20180728-165254
 dma_test_m2m 2 0x500283e4 0x300207c8 0x400 0,FAIL : fail,20180728-165254
 dma_test_m2m 2 0x500283e4 0x300207c8 0x400 1,FAIL : fail,20180728-165255
 dma_test_m2m 2 0x500283e4 0x300207c8 0x800 0,FAIL : fail,20180728-165256
 dma_test_m2m 2 0x500283e4 0x300207c8 0x800 1,FAIL : fail,20180728-165258
 dma_test_m2m 2 0x500283e4 0x50008000 0x400 0,FAIL : fail,20180728-165258
 dma_test_m2m 2 0x500283e4 0x50008000 0x400 1,FAIL : fail,20180728-165259
 dma_test_m2m 2 0x500283e4 0x50008000 0x800 0,FAIL : fail,20180728-165300
 dma_test_m2m 2 0x500283e4 0x50008000 0x800 1,FAIL : fail,20180728-165302
 dma_test_m2m 2 0x500283e4 0x50030000 0x400 0,FAIL : fail,20180728-165302
 dma_test_m2m 2 0x500283e4 0x50030000 0x400 1,FAIL : fail,20180728-165303
 dma_test_m2m 2 0x500283e4 0x50030000 0x800 0,FAIL : fail,20180728-165303
 dma_test_m2m 2 0x500283e4 0x50030000 0x800 1,FAIL : fail,20180728-165306
 dma_test_m2m 2 0x500283e4 0x500207c8 0x400 0,FAIL : fail,20180728-165306
 dma_test_m2m 2 0x500283e4 0x500207c8 0x400 1,FAIL : fail,20180728-165307
 dma_test_m2m 2 0x500283e4 0x500207c8 0x800 0,FAIL : fail,20180728-165307
 dma_test_m2m 2 0x500283e4 0x500207c8 0x800 1,FAIL : fail,20180728-165310
 dma_test_m2m 2 0x500283e4 0x6015b688 0x400 0,FAIL : fail,20180728-165310
 dma_test_m2m 2 0x500283e4 0x6015b688 0x400 1,FAIL : fail,20180728-165311
 dma_test_m2m 2 0x500283e4 0x6015b688 0x800 0,FAIL : fail,20180728-165311
 dma_test_m2m 2 0x500283e4 0x6015b688 0x800 1,FAIL : fail,20180728-165313
 dma_test_m2m 2 0x601ae880 0x50008000 0x400 0,FAIL : fail,20180728-165325
 dma_test_m2m 2 0x601ae880 0x50008000 0x400 1,FAIL : fail,20180728-165326
 dma_test_m2m 2 0x601ae880 0x50008000 0x800 0,FAIL : fail,20180728-165327
 dma_test_m2m 2 0x601ae880 0x50008000 0x800 1,FAIL : fail,20180728-165329
 dma_test_m2m 2 0x601ae880 0x50030000 0x400 0,FAIL : fail,20180728-165329
 dma_test_m2m 2 0x601ae880 0x50030000 0x400 1,FAIL : fail,20180728-165330
 dma_test_m2m 2 0x601ae880 0x50030000 0x800 0,FAIL : fail,20180728-165331
 dma_test_m2m 2 0x601ae880 0x50030000 0x800 1,FAIL : fail,20180728-165333
 dma_test_m2m 2 0x601ae880 0x500207c8 0x400 0,FAIL : fail,20180728-165333
 dma_test_m2m 2 0x601ae880 0x500207c8 0x400 1,FAIL : fail,20180728-165334
 dma_test_m2m 2 0x601ae880 0x500207c8 0x800 0,FAIL : fail,20180728-165334
 dma_test_m2m 2 0x601ae880 0x500207c8 0x800 1,FAIL : fail,20180728-165337
 dma_test_m2m 3 0x3000c000 0x50008000 0x400 0,FAIL : fail,20180728-165352
 dma_test_m2m 3 0x3000c000 0x50008000 0x400 1,FAIL : fail,20180728-165354
 dma_test_m2m 3 0x3000c000 0x50008000 0x800 0,FAIL : fail,20180728-165354
 dma_test_m2m 3 0x3000c000 0x50008000 0x800 1,FAIL : fail,20180728-165356
 dma_test_m2m 3 0x3000c000 0x50030000 0x400 0,FAIL : fail,20180728-165356
 dma_test_m2m 3 0x3000c000 0x50030000 0x400 1,FAIL : fail,20180728-165357
 dma_test_m2m 3 0x3000c000 0x50030000 0x800 0,FAIL : fail,20180728-165358
 dma_test_m2m 3 0x3000c000 0x50030000 0x800 1,FAIL : fail,20180728-165400
 dma_test_m2m 3 0x3000c000 0x500207c8 0x400 0,FAIL : fail,20180728-165400
 dma_test_m2m 3 0x3000c000 0x500207c8 0x400 1,FAIL : fail,20180728-165401
 dma_test_m2m 3 0x3000c000 0x500207c8 0x800 0,FAIL : fail,20180728-165401
 dma_test_m2m 3 0x3000c000 0x500207c8 0x800 1,FAIL : fail,20180728-165404
 dma_test_m2m 3 0x30034000 0x50008000 0x400 0,FAIL : fail,20180728-165419
 dma_test_m2m 3 0x30034000 0x50008000 0x400 1,FAIL : fail,20180728-165421
 dma_test_m2m 3 0x30034000 0x50008000 0x800 0,FAIL : fail,20180728-165421
 dma_test_m2m 3 0x30034000 0x50008000 0x800 1,FAIL : fail,20180728-165423
 dma_test_m2m 3 0x30034000 0x50030000 0x400 0,FAIL : fail,20180728-165423
 dma_test_m2m 3 0x30034000 0x50030000 0x400 1,FAIL : fail,20180728-165424
 dma_test_m2m 3 0x30034000 0x50030000 0x800 0,FAIL : fail,20180728-165425
 dma_test_m2m 3 0x30034000 0x50030000 0x800 1,FAIL : fail,20180728-165427
 dma_test_m2m 3 0x30034000 0x500207c8 0x400 0,FAIL : fail,20180728-165427
 dma_test_m2m 3 0x30034000 0x500207c8 0x400 1,FAIL : fail,20180728-165428
 dma_test_m2m 3 0x30034000 0x500207c8 0x800 0,FAIL : fail,20180728-165429
 dma_test_m2m 3 0x30034000 0x500207c8 0x800 1,FAIL : fail,20180728-165431
 dma_test_m2m 3 0x300283e4 0x30008000 0x400 0,FAIL : fail,20180728-165435
 dma_test_m2m 3 0x300283e4 0x30008000 0x400 1,FAIL : fail,20180728-165436
 dma_test_m2m 3 0x300283e4 0x30008000 0x800 0,FAIL : fail,20180728-165436
 dma_test_m2m 3 0x300283e4 0x30008000 0x800 1,FAIL : fail,20180728-165439
 dma_test_m2m 3 0x300283e4 0x30030000 0x400 0,FAIL : fail,20180728-165439
 dma_test_m2m 3 0x300283e4 0x30030000 0x400 1,FAIL : fail,20180728-165440
 dma_test_m2m 3 0x300283e4 0x30030000 0x800 0,FAIL : fail,20180728-165440
 dma_test_m2m 3 0x300283e4 0x30030000 0x800 1,FAIL : fail,20180728-165442
 dma_test_m2m 3 0x300283e4 0x300207c8 0x400 0,FAIL : fail,20180728-165443
 dma_test_m2m 3 0x300283e4 0x300207c8 0x400 1,FAIL : fail,20180728-165444
 dma_test_m2m 3 0x300283e4 0x300207c8 0x800 0,FAIL : fail,20180728-165444
 dma_test_m2m 3 0x300283e4 0x300207c8 0x800 1,FAIL : fail,20180728-165446
 dma_test_m2m 3 0x300283e4 0x50008000 0x400 0,FAIL : fail,20180728-165447
 dma_test_m2m 3 0x300283e4 0x50008000 0x400 1,FAIL : fail,20180728-165448
 dma_test_m2m 3 0x300283e4 0x50008000 0x800 0,FAIL : fail,20180728-165448
 dma_test_m2m 3 0x300283e4 0x50008000 0x800 1,FAIL : fail,20180728-165450
 dma_test_m2m 3 0x300283e4 0x50030000 0x400 0,FAIL : fail,20180728-165450
 dma_test_m2m 3 0x300283e4 0x50030000 0x400 1,FAIL : fail,20180728-165452
 dma_test_m2m 3 0x300283e4 0x50030000 0x800 0,FAIL : fail,20180728-165452
 dma_test_m2m 3 0x300283e4 0x50030000 0x800 1,FAIL : fail,20180728-165454
 dma_test_m2m 3 0x300283e4 0x500207c8 0x400 0,FAIL : fail,20180728-165454
 dma_test_m2m 3 0x300283e4 0x500207c8 0x400 1,FAIL : fail,20180728-165456
 dma_test_m2m 3 0x300283e4 0x500207c8 0x800 0,FAIL : fail,20180728-165456
 dma_test_m2m 3 0x300283e4 0x500207c8 0x800 1,FAIL : fail,20180728-165458
 dma_test_m2m 3 0x300283e4 0x6015b688 0x400 0,FAIL : fail,20180728-165458
 dma_test_m2m 3 0x300283e4 0x6015b688 0x400 1,FAIL : fail,20180728-165459
 dma_test_m2m 3 0x300283e4 0x6015b688 0x800 0,FAIL : fail,20180728-165500
 dma_test_m2m 3 0x300283e4 0x6015b688 0x800 1,FAIL : fail,20180728-165502
 dma_test_m2m 3 0x5000c000 0x30008000 0x400 0,FAIL : fail,20180728-165502
 dma_test_m2m 3 0x5000c000 0x30008000 0x400 1,FAIL : fail,20180728-165503
 dma_test_m2m 3 0x5000c000 0x30008000 0x800 0,FAIL : fail,20180728-165504
 dma_test_m2m 3 0x5000c000 0x30008000 0x800 1,FAIL : fail,20180728-165506
 dma_test_m2m 3 0x5000c000 0x30030000 0x400 0,FAIL : fail,20180728-165506
 dma_test_m2m 3 0x5000c000 0x30030000 0x400 1,FAIL : fail,20180728-165508
 dma_test_m2m 3 0x5000c000 0x30030000 0x800 0,FAIL : fail,20180728-165508
 dma_test_m2m 3 0x5000c000 0x30030000 0x800 1,FAIL : fail,20180728-165511
 dma_test_m2m 3 0x5000c000 0x300207c8 0x400 0,FAIL : fail,20180728-165511
 dma_test_m2m 3 0x5000c000 0x300207c8 0x400 1,FAIL : fail,20180728-165512
 dma_test_m2m 3 0x5000c000 0x300207c8 0x800 0,FAIL : fail,20180728-165513
 dma_test_m2m 3 0x5000c000 0x300207c8 0x800 1,FAIL : fail,20180728-165515
 dma_test_m2m 3 0x5000c000 0x50008000 0x400 0,FAIL : fail,20180728-165515
 dma_test_m2m 3 0x5000c000 0x50008000 0x400 1,FAIL : fail,20180728-165517
 dma_test_m2m 3 0x5000c000 0x50008000 0x800 0,FAIL : fail,20180728-165517
 dma_test_m2m 3 0x5000c000 0x50008000 0x800 1,FAIL : fail,20180728-165519
 dma_test_m2m 3 0x5000c000 0x50030000 0x400 0,FAIL : fail,20180728-165520
 dma_test_m2m 3 0x5000c000 0x50030000 0x400 1,FAIL : fail,20180728-165521
 dma_test_m2m 3 0x5000c000 0x50030000 0x800 0,FAIL : fail,20180728-165521
 dma_test_m2m 3 0x5000c000 0x50030000 0x800 1,FAIL : fail,20180728-165524
 dma_test_m2m 3 0x5000c000 0x500207c8 0x400 0,FAIL : fail,20180728-165524
 dma_test_m2m 3 0x5000c000 0x500207c8 0x400 1,FAIL : fail,20180728-165525
 dma_test_m2m 3 0x5000c000 0x500207c8 0x800 0,FAIL : fail,20180728-165525
 dma_test_m2m 3 0x5000c000 0x500207c8 0x800 1,FAIL : fail,20180728-165528
 dma_test_m2m 3 0x5000c000 0x6015b688 0x400 0,FAIL : fail,20180728-165528
 dma_test_m2m 3 0x5000c000 0x6015b688 0x400 1,FAIL : fail,20180728-165529
 dma_test_m2m 3 0x5000c000 0x6015b688 0x800 0,FAIL : fail,20180728-165529
 dma_test_m2m 3 0x5000c000 0x6015b688 0x800 1,FAIL : fail,20180728-165531
 dma_test_m2m 3 0x50034000 0x30008000 0x400 0,FAIL : fail,20180728-165532
 dma_test_m2m 3 0x50034000 0x30008000 0x400 1,FAIL : fail,20180728-165533
 dma_test_m2m 3 0x50034000 0x30008000 0x800 0,FAIL : fail,20180728-165533
 dma_test_m2m 3 0x50034000 0x30008000 0x800 1,FAIL : fail,20180728-165535
 dma_test_m2m 3 0x50034000 0x30030000 0x400 0,FAIL : fail,20180728-165536
 dma_test_m2m 3 0x50034000 0x30030000 0x400 1,FAIL : fail,20180728-165538
 dma_test_m2m 3 0x50034000 0x30030000 0x800 0,FAIL : fail,20180728-165538
 dma_test_m2m 3 0x50034000 0x30030000 0x800 1,FAIL : fail,20180728-165540
 dma_test_m2m 3 0x50034000 0x300207c8 0x400 0,FAIL : fail,20180728-165540
 dma_test_m2m 3 0x50034000 0x300207c8 0x400 1,FAIL : fail,20180728-165541
 dma_test_m2m 3 0x50034000 0x300207c8 0x800 0,FAIL : fail,20180728-165542
 dma_test_m2m 3 0x50034000 0x300207c8 0x800 1,FAIL : fail,20180728-165544
 dma_test_m2m 3 0x50034000 0x50008000 0x400 0,FAIL : fail,20180728-165544
 dma_test_m2m 3 0x50034000 0x50008000 0x400 1,FAIL : fail,20180728-165545
 dma_test_m2m 3 0x50034000 0x50008000 0x800 0,FAIL : fail,20180728-165545
 dma_test_m2m 3 0x50034000 0x50008000 0x800 1,FAIL : fail,20180728-165548
 dma_test_m2m 3 0x50034000 0x50030000 0x400 0,FAIL : fail,20180728-165548
 dma_test_m2m 3 0x50034000 0x50030000 0x400 1,FAIL : fail,20180728-165549
 dma_test_m2m 3 0x50034000 0x50030000 0x800 0,FAIL : fail,20180728-165549
 dma_test_m2m 3 0x50034000 0x50030000 0x800 1,FAIL : fail,20180728-165552
 dma_test_m2m 3 0x50034000 0x500207c8 0x400 0,FAIL : fail,20180728-165552
 dma_test_m2m 3 0x50034000 0x500207c8 0x400 1,FAIL : fail,20180728-165553
 dma_test_m2m 3 0x50034000 0x500207c8 0x800 0,FAIL : fail,20180728-165553
 dma_test_m2m 3 0x50034000 0x500207c8 0x800 1,FAIL : fail,20180728-165555
 dma_test_m2m 3 0x50034000 0x6015b688 0x400 0,FAIL : fail,20180728-165556
 dma_test_m2m 3 0x50034000 0x6015b688 0x400 1,FAIL : fail,20180728-165557
 dma_test_m2m 3 0x50034000 0x6015b688 0x800 0,FAIL : fail,20180728-165557
 dma_test_m2m 3 0x50034000 0x6015b688 0x800 1,FAIL : fail,20180728-165559
 dma_test_m2m 3 0x500283e4 0x30008000 0x400 0,FAIL : fail,20180728-165559
 dma_test_m2m 3 0x500283e4 0x30008000 0x400 1,FAIL : fail,20180728-165601
 dma_test_m2m 3 0x500283e4 0x30008000 0x800 0,FAIL : fail,20180728-165601
 dma_test_m2m 3 0x500283e4 0x30008000 0x800 1,FAIL : fail,20180728-165603
 dma_test_m2m 3 0x500283e4 0x30030000 0x400 0,FAIL : fail,20180728-165603
 dma_test_m2m 3 0x500283e4 0x30030000 0x400 1,FAIL : fail,20180728-165605
 dma_test_m2m 3 0x500283e4 0x30030000 0x800 0,FAIL : fail,20180728-165605
 dma_test_m2m 3 0x500283e4 0x30030000 0x800 1,FAIL : fail,20180728-165607
 dma_test_m2m 3 0x500283e4 0x300207c8 0x400 0,FAIL : fail,20180728-165607
 dma_test_m2m 3 0x500283e4 0x300207c8 0x400 1,FAIL : fail,20180728-165608
 dma_test_m2m 3 0x500283e4 0x300207c8 0x800 0,FAIL : fail,20180728-165609
 dma_test_m2m 3 0x500283e4 0x300207c8 0x800 1,FAIL : fail,20180728-165611
 dma_test_m2m 3 0x500283e4 0x50008000 0x400 0,FAIL : fail,20180728-165611
 dma_test_m2m 3 0x500283e4 0x50008000 0x400 1,FAIL : fail,20180728-165612
 dma_test_m2m 3 0x500283e4 0x50008000 0x800 0,FAIL : fail,20180728-165613
 dma_test_m2m 3 0x500283e4 0x50008000 0x800 1,FAIL : fail,20180728-165615
 dma_test_m2m 3 0x500283e4 0x50030000 0x400 0,FAIL : fail,20180728-165615
 dma_test_m2m 3 0x500283e4 0x50030000 0x400 1,FAIL : fail,20180728-165616
 dma_test_m2m 3 0x500283e4 0x50030000 0x800 0,FAIL : fail,20180728-165616
 dma_test_m2m 3 0x500283e4 0x50030000 0x800 1,FAIL : fail,20180728-165619
 dma_test_m2m 3 0x500283e4 0x500207c8 0x400 0,FAIL : fail,20180728-165619
 dma_test_m2m 3 0x500283e4 0x500207c8 0x400 1,FAIL : fail,20180728-165620
 dma_test_m2m 3 0x500283e4 0x500207c8 0x800 0,FAIL : fail,20180728-165620
 dma_test_m2m 3 0x500283e4 0x500207c8 0x800 1,FAIL : fail,20180728-165623
 dma_test_m2m 3 0x500283e4 0x6015b688 0x400 0,FAIL : fail,20180728-165623
 dma_test_m2m 3 0x500283e4 0x6015b688 0x400 1,FAIL : fail,20180728-165624
 dma_test_m2m 3 0x500283e4 0x6015b688 0x800 0,FAIL : fail,20180728-165624
 dma_test_m2m 3 0x500283e4 0x6015b688 0x800 1,FAIL : fail,20180728-165626
 dma_test_m2m 3 0x601ae880 0x50008000 0x400 0,FAIL : fail,20180728-165638
 dma_test_m2m 3 0x601ae880 0x50008000 0x400 1,FAIL : fail,20180728-165639
 dma_test_m2m 3 0x601ae880 0x50008000 0x800 0,FAIL : fail,20180728-165639
 dma_test_m2m 3 0x601ae880 0x50008000 0x800 1,FAIL : fail,20180728-165642
 dma_test_m2m 3 0x601ae880 0x50030000 0x400 0,FAIL : fail,20180728-165642
 dma_test_m2m 3 0x601ae880 0x50030000 0x400 1,FAIL : fail,20180728-165643
 dma_test_m2m 3 0x601ae880 0x50030000 0x800 0,FAIL : fail,20180728-165643
 dma_test_m2m 3 0x601ae880 0x50030000 0x800 1,FAIL : fail,20180728-165646
 dma_test_m2m 3 0x601ae880 0x500207c8 0x400 0,FAIL : fail,20180728-165646
 dma_test_m2m 3 0x601ae880 0x500207c8 0x400 1,FAIL : fail,20180728-165647
 dma_test_m2m 3 0x601ae880 0x500207c8 0x800 0,FAIL : fail,20180728-165647
 dma_test_m2m 3 0x601ae880 0x500207c8 0x800 1,FAIL : fail,20180728-165649
 dma_test_m2m 4 0x3000c000 0x50008000 0x400 0,FAIL : fail,20180728-165705
 dma_test_m2m 4 0x3000c000 0x50008000 0x400 1,FAIL : fail,20180728-165706
 dma_test_m2m 4 0x3000c000 0x50008000 0x800 0,FAIL : fail,20180728-165706
 dma_test_m2m 4 0x3000c000 0x50008000 0x800 1,FAIL : fail,20180728-165709
 dma_test_m2m 4 0x3000c000 0x50030000 0x400 0,FAIL : fail,20180728-165709
 dma_test_m2m 4 0x3000c000 0x50030000 0x400 1,FAIL : fail,20180728-165710
 dma_test_m2m 4 0x3000c000 0x50030000 0x800 0,FAIL : fail,20180728-165710
 dma_test_m2m 4 0x3000c000 0x50030000 0x800 1,FAIL : fail,20180728-165713
 dma_test_m2m 4 0x3000c000 0x500207c8 0x400 0,FAIL : fail,20180728-165713
 dma_test_m2m 4 0x3000c000 0x500207c8 0x400 1,FAIL : fail,20180728-165714
 dma_test_m2m 4 0x3000c000 0x500207c8 0x800 0,FAIL : fail,20180728-165714
 dma_test_m2m 4 0x3000c000 0x500207c8 0x800 1,FAIL : fail,20180728-165716
 dma_test_m2m 4 0x30034000 0x50008000 0x400 0,FAIL : fail,20180728-165732
 dma_test_m2m 4 0x30034000 0x50008000 0x400 1,FAIL : fail,20180728-165733
 dma_test_m2m 4 0x30034000 0x50008000 0x800 0,FAIL : fail,20180728-165733
 dma_test_m2m 4 0x30034000 0x50008000 0x800 1,FAIL : fail,20180728-165736
 dma_test_m2m 4 0x30034000 0x50030000 0x400 0,FAIL : fail,20180728-165736
 dma_test_m2m 4 0x30034000 0x50030000 0x400 1,FAIL : fail,20180728-165737
 dma_test_m2m 4 0x30034000 0x50030000 0x800 0,FAIL : fail,20180728-165737
 dma_test_m2m 4 0x30034000 0x50030000 0x800 1,FAIL : fail,20180728-165739
 dma_test_m2m 4 0x30034000 0x500207c8 0x400 0,FAIL : fail,20180728-165740
 dma_test_m2m 4 0x30034000 0x500207c8 0x400 1,FAIL : fail,20180728-165741
 dma_test_m2m 4 0x30034000 0x500207c8 0x800 0,FAIL : fail,20180728-165741
 dma_test_m2m 4 0x30034000 0x500207c8 0x800 1,FAIL : fail,20180728-165743
 dma_test_m2m 4 0x300283e4 0x30008000 0x400 0,FAIL : fail,20180728-165747
 dma_test_m2m 4 0x300283e4 0x30008000 0x400 1,FAIL : fail,20180728-165748
 dma_test_m2m 4 0x300283e4 0x30008000 0x800 0,FAIL : fail,20180728-165749
 dma_test_m2m 4 0x300283e4 0x30008000 0x800 1,FAIL : fail,20180728-165751
 dma_test_m2m 4 0x300283e4 0x30030000 0x400 0,FAIL : fail,20180728-165751
 dma_test_m2m 4 0x300283e4 0x30030000 0x400 1,FAIL : fail,20180728-165752
 dma_test_m2m 4 0x300283e4 0x30030000 0x800 0,FAIL : fail,20180728-165753
 dma_test_m2m 4 0x300283e4 0x30030000 0x800 1,FAIL : fail,20180728-165755
 dma_test_m2m 4 0x300283e4 0x300207c8 0x400 0,FAIL : fail,20180728-165755
 dma_test_m2m 4 0x300283e4 0x300207c8 0x400 1,FAIL : fail,20180728-165756
 dma_test_m2m 4 0x300283e4 0x300207c8 0x800 0,FAIL : fail,20180728-165756
 dma_test_m2m 4 0x300283e4 0x300207c8 0x800 1,FAIL : fail,20180728-165759
 dma_test_m2m 4 0x300283e4 0x50008000 0x400 0,FAIL : fail,20180728-165759
 dma_test_m2m 4 0x300283e4 0x50008000 0x400 1,FAIL : fail,20180728-165800
 dma_test_m2m 4 0x300283e4 0x50008000 0x800 0,FAIL : fail,20180728-165800
 dma_test_m2m 4 0x300283e4 0x50008000 0x800 1,FAIL : fail,20180728-165803
 dma_test_m2m 4 0x300283e4 0x50030000 0x400 0,FAIL : fail,20180728-165803
 dma_test_m2m 4 0x300283e4 0x50030000 0x400 1,FAIL : fail,20180728-165804
 dma_test_m2m 4 0x300283e4 0x50030000 0x800 0,FAIL : fail,20180728-165804
 dma_test_m2m 4 0x300283e4 0x50030000 0x800 1,FAIL : fail,20180728-165806
 dma_test_m2m 4 0x300283e4 0x500207c8 0x400 0,FAIL : fail,20180728-165807
 dma_test_m2m 4 0x300283e4 0x500207c8 0x400 1,FAIL : fail,20180728-165808
 dma_test_m2m 4 0x300283e4 0x500207c8 0x800 0,FAIL : fail,20180728-165808
 dma_test_m2m 4 0x300283e4 0x500207c8 0x800 1,FAIL : fail,20180728-165810
 dma_test_m2m 4 0x300283e4 0x6015b688 0x400 0,FAIL : fail,20180728-165810
 dma_test_m2m 4 0x300283e4 0x6015b688 0x400 1,FAIL : fail,20180728-165812
 dma_test_m2m 4 0x300283e4 0x6015b688 0x800 0,FAIL : fail,20180728-165812
 dma_test_m2m 4 0x300283e4 0x6015b688 0x800 1,FAIL : fail,20180728-165814
 dma_test_m2m 4 0x5000c000 0x30008000 0x400 0,FAIL : fail,20180728-165814
 dma_test_m2m 4 0x5000c000 0x30008000 0x400 1,FAIL : fail,20180728-165816
 dma_test_m2m 4 0x5000c000 0x30008000 0x800 0,FAIL : fail,20180728-165816
 dma_test_m2m 4 0x5000c000 0x30008000 0x800 1,FAIL : fail,20180728-165818
 dma_test_m2m 4 0x5000c000 0x30030000 0x400 0,FAIL : fail,20180728-165818
 dma_test_m2m 4 0x5000c000 0x30030000 0x400 1,FAIL : fail,20180728-165819
 dma_test_m2m 4 0x5000c000 0x30030000 0x800 0,FAIL : fail,20180728-165820
 dma_test_m2m 4 0x5000c000 0x30030000 0x800 1,FAIL : fail,20180728-165822
 dma_test_m2m 4 0x5000c000 0x300207c8 0x400 0,FAIL : fail,20180728-165822
 dma_test_m2m 4 0x5000c000 0x300207c8 0x400 1,FAIL : fail,20180728-165823
 dma_test_m2m 4 0x5000c000 0x300207c8 0x800 0,FAIL : fail,20180728-165824
 dma_test_m2m 4 0x5000c000 0x300207c8 0x800 1,FAIL : fail,20180728-165826
 dma_test_m2m 4 0x5000c000 0x50008000 0x400 0,FAIL : fail,20180728-165826
 dma_test_m2m 4 0x5000c000 0x50008000 0x400 1,FAIL : fail,20180728-165827
 dma_test_m2m 4 0x5000c000 0x50008000 0x800 0,FAIL : fail,20180728-165827
 dma_test_m2m 4 0x5000c000 0x50008000 0x800 1,FAIL : fail,20180728-165830
 dma_test_m2m 4 0x5000c000 0x50030000 0x400 0,FAIL : fail,20180728-165830
 dma_test_m2m 4 0x5000c000 0x50030000 0x400 1,FAIL : fail,20180728-165831
 dma_test_m2m 4 0x5000c000 0x50030000 0x800 0,FAIL : fail,20180728-165831
 dma_test_m2m 4 0x5000c000 0x50030000 0x800 1,FAIL : fail,20180728-165834
 dma_test_m2m 4 0x5000c000 0x500207c8 0x400 0,FAIL : fail,20180728-165834
 dma_test_m2m 4 0x5000c000 0x500207c8 0x400 1,FAIL : fail,20180728-165835
 dma_test_m2m 4 0x5000c000 0x500207c8 0x800 0,FAIL : fail,20180728-165835
 dma_test_m2m 4 0x5000c000 0x500207c8 0x800 1,FAIL : fail,20180728-165837
 dma_test_m2m 4 0x5000c000 0x6015b688 0x400 0,FAIL : fail,20180728-165838
 dma_test_m2m 4 0x5000c000 0x6015b688 0x400 1,FAIL : fail,20180728-165839
 dma_test_m2m 4 0x5000c000 0x6015b688 0x800 0,FAIL : fail,20180728-165839
 dma_test_m2m 4 0x5000c000 0x6015b688 0x800 1,FAIL : fail,20180728-165841
 dma_test_m2m 4 0x50034000 0x30008000 0x400 0,FAIL : fail,20180728-165841
 dma_test_m2m 4 0x50034000 0x30008000 0x400 1,FAIL : fail,20180728-165843
 dma_test_m2m 4 0x50034000 0x30008000 0x800 0,FAIL : fail,20180728-165843
 dma_test_m2m 4 0x50034000 0x30008000 0x800 1,FAIL : fail,20180728-165845
 dma_test_m2m 4 0x50034000 0x30030000 0x400 0,FAIL : fail,20180728-165845
 dma_test_m2m 4 0x50034000 0x30030000 0x400 1,FAIL : fail,20180728-165847
 dma_test_m2m 4 0x50034000 0x30030000 0x800 0,FAIL : fail,20180728-165847
 dma_test_m2m 4 0x50034000 0x30030000 0x800 1,FAIL : fail,20180728-165849
 dma_test_m2m 4 0x50034000 0x300207c8 0x400 0,FAIL : fail,20180728-165849
 dma_test_m2m 4 0x50034000 0x300207c8 0x400 1,FAIL : fail,20180728-165850
 dma_test_m2m 4 0x50034000 0x300207c8 0x800 0,FAIL : fail,20180728-165851
 dma_test_m2m 4 0x50034000 0x300207c8 0x800 1,FAIL : fail,20180728-165853
 dma_test_m2m 4 0x50034000 0x50008000 0x400 0,FAIL : fail,20180728-165853
 dma_test_m2m 4 0x50034000 0x50008000 0x400 1,FAIL : fail,20180728-165854
 dma_test_m2m 4 0x50034000 0x50008000 0x800 0,FAIL : fail,20180728-165854
 dma_test_m2m 4 0x50034000 0x50008000 0x800 1,FAIL : fail,20180728-165857
 dma_test_m2m 4 0x50034000 0x50030000 0x400 0,FAIL : fail,20180728-165857
 dma_test_m2m 4 0x50034000 0x50030000 0x400 1,FAIL : fail,20180728-165858
 dma_test_m2m 4 0x50034000 0x50030000 0x800 0,FAIL : fail,20180728-165858
 dma_test_m2m 4 0x50034000 0x50030000 0x800 1,FAIL : fail,20180728-165900
 dma_test_m2m 4 0x50034000 0x500207c8 0x400 0,FAIL : fail,20180728-165901
 dma_test_m2m 4 0x50034000 0x500207c8 0x400 1,FAIL : fail,20180728-165902
 dma_test_m2m 4 0x50034000 0x500207c8 0x800 0,FAIL : fail,20180728-165902
 dma_test_m2m 4 0x50034000 0x500207c8 0x800 1,FAIL : fail,20180728-165904
 dma_test_m2m 4 0x50034000 0x6015b688 0x400 0,FAIL : fail,20180728-165905
 dma_test_m2m 4 0x50034000 0x6015b688 0x400 1,FAIL : fail,20180728-165906
 dma_test_m2m 4 0x50034000 0x6015b688 0x800 0,FAIL : fail,20180728-165906
 dma_test_m2m 4 0x50034000 0x6015b688 0x800 1,FAIL : fail,20180728-165908
 dma_test_m2m 4 0x500283e4 0x30008000 0x400 0,FAIL : fail,20180728-165908
 dma_test_m2m 4 0x500283e4 0x30008000 0x400 1,FAIL : fail,20180728-165910
 dma_test_m2m 4 0x500283e4 0x30008000 0x800 0,FAIL : fail,20180728-165910
 dma_test_m2m 4 0x500283e4 0x30008000 0x800 1,FAIL : fail,20180728-165912
 dma_test_m2m 4 0x500283e4 0x30030000 0x400 0,FAIL : fail,20180728-165912
 dma_test_m2m 4 0x500283e4 0x30030000 0x400 1,FAIL : fail,20180728-165913
 dma_test_m2m 4 0x500283e4 0x30030000 0x800 0,FAIL : fail,20180728-165914
 dma_test_m2m 4 0x500283e4 0x30030000 0x800 1,FAIL : fail,20180728-165916
 dma_test_m2m 4 0x500283e4 0x300207c8 0x400 0,FAIL : fail,20180728-165916
 dma_test_m2m 4 0x500283e4 0x300207c8 0x400 1,FAIL : fail,20180728-165917
 dma_test_m2m 4 0x500283e4 0x300207c8 0x800 0,FAIL : fail,20180728-165918
 dma_test_m2m 4 0x500283e4 0x300207c8 0x800 1,FAIL : fail,20180728-165920
 dma_test_m2m 4 0x500283e4 0x50008000 0x400 0,FAIL : fail,20180728-165921
 dma_test_m2m 4 0x500283e4 0x50008000 0x400 1,FAIL : fail,20180728-165923
 dma_test_m2m 4 0x500283e4 0x50008000 0x800 0,FAIL : fail,20180728-165923
 dma_test_m2m 4 0x500283e4 0x50008000 0x800 1,FAIL : fail,20180728-165925
 dma_test_m2m 4 0x500283e4 0x50030000 0x400 0,FAIL : fail,20180728-165925
 dma_test_m2m 4 0x500283e4 0x50030000 0x400 1,FAIL : fail,20180728-165927
 dma_test_m2m 4 0x500283e4 0x50030000 0x800 0,FAIL : fail,20180728-165927
 dma_test_m2m 4 0x500283e4 0x50030000 0x800 1,FAIL : fail,20180728-165929
 dma_test_m2m 4 0x500283e4 0x500207c8 0x400 0,FAIL : fail,20180728-165929
 dma_test_m2m 4 0x500283e4 0x500207c8 0x400 1,FAIL : fail,20180728-165930
 dma_test_m2m 4 0x500283e4 0x500207c8 0x800 0,FAIL : fail,20180728-165931
 dma_test_m2m 4 0x500283e4 0x500207c8 0x800 1,FAIL : fail,20180728-165933
 dma_test_m2m 4 0x500283e4 0x6015b688 0x400 0,FAIL : fail,20180728-165933
 dma_test_m2m 4 0x500283e4 0x6015b688 0x400 1,FAIL : fail,20180728-165934
 dma_test_m2m 4 0x500283e4 0x6015b688 0x800 0,FAIL : fail,20180728-165934
 dma_test_m2m 4 0x500283e4 0x6015b688 0x800 1,FAIL : fail,20180728-165937
 dma_test_m2m 4 0x601ae880 0x50008000 0x400 0,FAIL : fail,20180728-165948
 dma_test_m2m 4 0x601ae880 0x50008000 0x400 1,FAIL : fail,20180728-165950
 dma_test_m2m 4 0x601ae880 0x50008000 0x800 0,FAIL : fail,20180728-165950
 dma_test_m2m 4 0x601ae880 0x50008000 0x800 1,FAIL : fail,20180728-165952
 dma_test_m2m 4 0x601ae880 0x50030000 0x400 0,FAIL : fail,20180728-165952
 dma_test_m2m 4 0x601ae880 0x50030000 0x400 1,FAIL : fail,20180728-165954
 dma_test_m2m 4 0x601ae880 0x50030000 0x800 0,FAIL : fail,20180728-165954
 dma_test_m2m 4 0x601ae880 0x50030000 0x800 1,FAIL : fail,20180728-165956
 dma_test_m2m 4 0x601ae880 0x500207c8 0x400 0,FAIL : fail,20180728-165956
 dma_test_m2m 4 0x601ae880 0x500207c8 0x400 1,FAIL : fail,20180728-165957
 dma_test_m2m 4 0x601ae880 0x500207c8 0x800 0,FAIL : fail,20180728-165958
 dma_test_m2m 4 0x601ae880 0x500207c8 0x800 1,FAIL : fail,20180728-170000
 dma_test_m2m 5 0x3000c000 0x50008000 0x400 0,FAIL : fail,20180728-170015
 dma_test_m2m 5 0x3000c000 0x50008000 0x400 1,FAIL : fail,20180728-170017
 dma_test_m2m 5 0x3000c000 0x50008000 0x800 0,FAIL : fail,20180728-170017
 dma_test_m2m 5 0x3000c000 0x50008000 0x800 1,FAIL : fail,20180728-170019
 dma_test_m2m 5 0x3000c000 0x50030000 0x400 0,FAIL : fail,20180728-170019
 dma_test_m2m 5 0x3000c000 0x50030000 0x400 1,FAIL : fail,20180728-170021
 dma_test_m2m 5 0x3000c000 0x50030000 0x800 0,FAIL : fail,20180728-170021
 dma_test_m2m 5 0x3000c000 0x50030000 0x800 1,FAIL : fail,20180728-170023
 dma_test_m2m 5 0x3000c000 0x500207c8 0x400 0,FAIL : fail,20180728-170023
 dma_test_m2m 5 0x3000c000 0x500207c8 0x400 1,FAIL : fail,20180728-170024
 dma_test_m2m 5 0x3000c000 0x500207c8 0x800 0,FAIL : fail,20180728-170025
 dma_test_m2m 5 0x3000c000 0x500207c8 0x800 1,FAIL : fail,20180728-170027
 dma_test_m2m 5 0x30034000 0x50008000 0x400 0,FAIL : fail,20180728-170042
 dma_test_m2m 5 0x30034000 0x50008000 0x400 1,FAIL : fail,20180728-170044
 dma_test_m2m 5 0x30034000 0x50008000 0x800 0,FAIL : fail,20180728-170044
 dma_test_m2m 5 0x30034000 0x50008000 0x800 1,FAIL : fail,20180728-170046
 dma_test_m2m 5 0x30034000 0x50030000 0x400 0,FAIL : fail,20180728-170046
 dma_test_m2m 5 0x30034000 0x50030000 0x400 1,FAIL : fail,20180728-170048
 dma_test_m2m 5 0x30034000 0x50030000 0x800 0,FAIL : fail,20180728-170048
 dma_test_m2m 5 0x30034000 0x50030000 0x800 1,FAIL : fail,20180728-170050
 dma_test_m2m 5 0x30034000 0x500207c8 0x400 0,FAIL : fail,20180728-170050
 dma_test_m2m 5 0x30034000 0x500207c8 0x400 1,FAIL : fail,20180728-170051
 dma_test_m2m 5 0x30034000 0x500207c8 0x800 0,FAIL : fail,20180728-170052
 dma_test_m2m 5 0x30034000 0x500207c8 0x800 1,FAIL : fail,20180728-170054
 dma_test_m2m 5 0x300283e4 0x30008000 0x400 0,FAIL : fail,20180728-170058
 dma_test_m2m 5 0x300283e4 0x30008000 0x400 1,FAIL : fail,20180728-170059
 dma_test_m2m 5 0x300283e4 0x30008000 0x800 0,FAIL : fail,20180728-170059
 dma_test_m2m 5 0x300283e4 0x30008000 0x800 1,FAIL : fail,20180728-170102
 dma_test_m2m 5 0x300283e4 0x30030000 0x400 0,FAIL : fail,20180728-170102
 dma_test_m2m 5 0x300283e4 0x30030000 0x400 1,FAIL : fail,20180728-170103
 dma_test_m2m 5 0x300283e4 0x30030000 0x800 0,FAIL : fail,20180728-170103
 dma_test_m2m 5 0x300283e4 0x30030000 0x800 1,FAIL : fail,20180728-170106
 dma_test_m2m 5 0x300283e4 0x300207c8 0x400 0,FAIL : fail,20180728-170106
 dma_test_m2m 5 0x300283e4 0x300207c8 0x400 1,FAIL : fail,20180728-170107
 dma_test_m2m 5 0x300283e4 0x300207c8 0x800 0,FAIL : fail,20180728-170107
 dma_test_m2m 5 0x300283e4 0x300207c8 0x800 1,FAIL : fail,20180728-170110
 dma_test_m2m 5 0x300283e4 0x50008000 0x400 0,FAIL : fail,20180728-170110
 dma_test_m2m 5 0x300283e4 0x50008000 0x400 1,FAIL : fail,20180728-170111
 dma_test_m2m 5 0x300283e4 0x50008000 0x800 0,FAIL : fail,20180728-170111
 dma_test_m2m 5 0x300283e4 0x50008000 0x800 1,FAIL : fail,20180728-170113
 dma_test_m2m 5 0x300283e4 0x50030000 0x400 0,FAIL : fail,20180728-170114
 dma_test_m2m 5 0x300283e4 0x50030000 0x400 1,FAIL : fail,20180728-170115
 dma_test_m2m 5 0x300283e4 0x50030000 0x800 0,FAIL : fail,20180728-170115
 dma_test_m2m 5 0x300283e4 0x50030000 0x800 1,FAIL : fail,20180728-170117
 dma_test_m2m 5 0x300283e4 0x500207c8 0x400 0,FAIL : fail,20180728-170117
 dma_test_m2m 5 0x300283e4 0x500207c8 0x400 1,FAIL : fail,20180728-170119
 dma_test_m2m 5 0x300283e4 0x500207c8 0x800 0,FAIL : fail,20180728-170119
 dma_test_m2m 5 0x300283e4 0x500207c8 0x800 1,FAIL : fail,20180728-170121
 dma_test_m2m 5 0x300283e4 0x6015b688 0x400 0,FAIL : fail,20180728-170121
 dma_test_m2m 5 0x300283e4 0x6015b688 0x400 1,FAIL : fail,20180728-170123
 dma_test_m2m 5 0x300283e4 0x6015b688 0x800 0,FAIL : fail,20180728-170123
 dma_test_m2m 5 0x300283e4 0x6015b688 0x800 1,FAIL : fail,20180728-170125
 dma_test_m2m 5 0x5000c000 0x30008000 0x400 0,FAIL : fail,20180728-170125
 dma_test_m2m 5 0x5000c000 0x30008000 0x400 1,FAIL : fail,20180728-170126
 dma_test_m2m 5 0x5000c000 0x30008000 0x800 0,FAIL : fail,20180728-170127
 dma_test_m2m 5 0x5000c000 0x30008000 0x800 1,FAIL : fail,20180728-170129
 dma_test_m2m 5 0x5000c000 0x30030000 0x400 0,FAIL : fail,20180728-170129
 dma_test_m2m 5 0x5000c000 0x30030000 0x400 1,FAIL : fail,20180728-170130
 dma_test_m2m 5 0x5000c000 0x30030000 0x800 0,FAIL : fail,20180728-170131
 dma_test_m2m 5 0x5000c000 0x30030000 0x800 1,FAIL : fail,20180728-170133
 dma_test_m2m 5 0x5000c000 0x300207c8 0x400 0,FAIL : fail,20180728-170133
 dma_test_m2m 5 0x5000c000 0x300207c8 0x400 1,FAIL : fail,20180728-170134
 dma_test_m2m 5 0x5000c000 0x300207c8 0x800 0,FAIL : fail,20180728-170134
 dma_test_m2m 5 0x5000c000 0x300207c8 0x800 1,FAIL : fail,20180728-170137
 dma_test_m2m 5 0x5000c000 0x50008000 0x400 0,FAIL : fail,20180728-170137
 dma_test_m2m 5 0x5000c000 0x50008000 0x400 1,FAIL : fail,20180728-170138
 dma_test_m2m 5 0x5000c000 0x50008000 0x800 0,FAIL : fail,20180728-170138
 dma_test_m2m 5 0x5000c000 0x50008000 0x800 1,FAIL : fail,20180728-170141
 dma_test_m2m 5 0x5000c000 0x50030000 0x400 0,FAIL : fail,20180728-170141
 dma_test_m2m 5 0x5000c000 0x50030000 0x400 1,FAIL : fail,20180728-170142
 dma_test_m2m 5 0x5000c000 0x50030000 0x800 0,FAIL : fail,20180728-170142
 dma_test_m2m 5 0x5000c000 0x50030000 0x800 1,FAIL : fail,20180728-170145
 dma_test_m2m 5 0x5000c000 0x500207c8 0x400 0,FAIL : fail,20180728-170145
 dma_test_m2m 5 0x5000c000 0x500207c8 0x400 1,FAIL : fail,20180728-170146
 dma_test_m2m 5 0x5000c000 0x500207c8 0x800 0,FAIL : fail,20180728-170146
 dma_test_m2m 5 0x5000c000 0x500207c8 0x800 1,FAIL : fail,20180728-170148
 dma_test_m2m 5 0x5000c000 0x6015b688 0x400 0,FAIL : fail,20180728-170149
 dma_test_m2m 5 0x5000c000 0x6015b688 0x400 1,FAIL : fail,20180728-170150
 dma_test_m2m 5 0x5000c000 0x6015b688 0x800 0,FAIL : fail,20180728-170150
 dma_test_m2m 5 0x5000c000 0x6015b688 0x800 1,FAIL : fail,20180728-170152
 dma_test_m2m 5 0x50034000 0x30008000 0x400 0,FAIL : fail,20180728-170152
 dma_test_m2m 5 0x50034000 0x30008000 0x400 1,FAIL : fail,20180728-170154
 dma_test_m2m 5 0x50034000 0x30008000 0x800 0,FAIL : fail,20180728-170154
 dma_test_m2m 5 0x50034000 0x30008000 0x800 1,FAIL : fail,20180728-170156
 dma_test_m2m 5 0x50034000 0x30030000 0x400 0,FAIL : fail,20180728-170156
 dma_test_m2m 5 0x50034000 0x30030000 0x400 1,FAIL : fail,20180728-170158
 dma_test_m2m 5 0x50034000 0x30030000 0x800 0,FAIL : fail,20180728-170158
 dma_test_m2m 5 0x50034000 0x30030000 0x800 1,FAIL : fail,20180728-170200
 dma_test_m2m 5 0x50034000 0x300207c8 0x400 0,FAIL : fail,20180728-170200
 dma_test_m2m 5 0x50034000 0x300207c8 0x400 1,FAIL : fail,20180728-170201
 dma_test_m2m 5 0x50034000 0x300207c8 0x800 0,FAIL : fail,20180728-170202
 dma_test_m2m 5 0x50034000 0x300207c8 0x800 1,FAIL : fail,20180728-170204
 dma_test_m2m 5 0x50034000 0x50008000 0x400 0,FAIL : fail,20180728-170204
 dma_test_m2m 5 0x50034000 0x50008000 0x400 1,FAIL : fail,20180728-170205
 dma_test_m2m 5 0x50034000 0x50008000 0x800 0,FAIL : fail,20180728-170206
 dma_test_m2m 5 0x50034000 0x50008000 0x800 1,FAIL : fail,20180728-170208
 dma_test_m2m 5 0x50034000 0x50030000 0x400 0,FAIL : fail,20180728-170208
 dma_test_m2m 5 0x50034000 0x50030000 0x400 1,FAIL : fail,20180728-170209
 dma_test_m2m 5 0x50034000 0x50030000 0x800 0,FAIL : fail,20180728-170209
 dma_test_m2m 5 0x50034000 0x50030000 0x800 1,FAIL : fail,20180728-170212
 dma_test_m2m 5 0x50034000 0x500207c8 0x400 0,FAIL : fail,20180728-170212
 dma_test_m2m 5 0x50034000 0x500207c8 0x400 1,FAIL : fail,20180728-170213
 dma_test_m2m 5 0x50034000 0x500207c8 0x800 0,FAIL : fail,20180728-170213
 dma_test_m2m 5 0x50034000 0x500207c8 0x800 1,FAIL : fail,20180728-170216
 dma_test_m2m 5 0x50034000 0x6015b688 0x400 0,FAIL : fail,20180728-170216
 dma_test_m2m 5 0x50034000 0x6015b688 0x400 1,FAIL : fail,20180728-170217
 dma_test_m2m 5 0x50034000 0x6015b688 0x800 0,FAIL : fail,20180728-170217
 dma_test_m2m 5 0x50034000 0x6015b688 0x800 1,FAIL : fail,20180728-170219
 dma_test_m2m 5 0x500283e4 0x30008000 0x400 0,FAIL : fail,20180728-170220
 dma_test_m2m 5 0x500283e4 0x30008000 0x400 1,FAIL : fail,20180728-170221
 dma_test_m2m 5 0x500283e4 0x30008000 0x800 0,FAIL : fail,20180728-170221
 dma_test_m2m 5 0x500283e4 0x30008000 0x800 1,FAIL : fail,20180728-170223
 dma_test_m2m 5 0x500283e4 0x30030000 0x400 0,FAIL : fail,20180728-170223
 dma_test_m2m 5 0x500283e4 0x30030000 0x400 1,FAIL : fail,20180728-170225
 dma_test_m2m 5 0x500283e4 0x30030000 0x800 0,FAIL : fail,20180728-170225
 dma_test_m2m 5 0x500283e4 0x30030000 0x800 1,FAIL : fail,20180728-170227
 dma_test_m2m 5 0x500283e4 0x300207c8 0x400 0,FAIL : fail,20180728-170227
 dma_test_m2m 5 0x500283e4 0x300207c8 0x400 1,FAIL : fail,20180728-170229
 dma_test_m2m 5 0x500283e4 0x300207c8 0x800 0,FAIL : fail,20180728-170229
 dma_test_m2m 5 0x500283e4 0x300207c8 0x800 1,FAIL : fail,20180728-170231
 dma_test_m2m 5 0x500283e4 0x50008000 0x400 0,FAIL : fail,20180728-170231
 dma_test_m2m 5 0x500283e4 0x50008000 0x400 1,FAIL : fail,20180728-170233
 dma_test_m2m 5 0x500283e4 0x50008000 0x800 0,FAIL : fail,20180728-170233
 dma_test_m2m 5 0x500283e4 0x50008000 0x800 1,FAIL : fail,20180728-170235
 dma_test_m2m 5 0x500283e4 0x50030000 0x400 0,FAIL : fail,20180728-170235
 dma_test_m2m 5 0x500283e4 0x50030000 0x400 1,FAIL : fail,20180728-170236
 dma_test_m2m 5 0x500283e4 0x50030000 0x800 0,FAIL : fail,20180728-170237
 dma_test_m2m 5 0x500283e4 0x50030000 0x800 1,FAIL : fail,20180728-170239
 dma_test_m2m 5 0x500283e4 0x500207c8 0x400 0,FAIL : fail,20180728-170239
 dma_test_m2m 5 0x500283e4 0x500207c8 0x400 1,FAIL : fail,20180728-170240
 dma_test_m2m 5 0x500283e4 0x500207c8 0x800 0,FAIL : fail,20180728-170240
 dma_test_m2m 5 0x500283e4 0x500207c8 0x800 1,FAIL : fail,20180728-170243
 dma_test_m2m 5 0x500283e4 0x6015b688 0x400 0,FAIL : fail,20180728-170243
 dma_test_m2m 5 0x500283e4 0x6015b688 0x400 1,FAIL : fail,20180728-170244
 dma_test_m2m 5 0x500283e4 0x6015b688 0x800 0,FAIL : fail,20180728-170244
 dma_test_m2m 5 0x500283e4 0x6015b688 0x800 1,FAIL : fail,20180728-170247
 dma_test_m2m 5 0x601ae880 0x50008000 0x400 0,FAIL : fail,20180728-170258
 dma_test_m2m 5 0x601ae880 0x50008000 0x400 1,FAIL : fail,20180728-170300
 dma_test_m2m 5 0x601ae880 0x50008000 0x800 0,FAIL : fail,20180728-170300
 dma_test_m2m 5 0x601ae880 0x50008000 0x800 1,FAIL : fail,20180728-170302
 dma_test_m2m 5 0x601ae880 0x50030000 0x400 0,FAIL : fail,20180728-170302
 dma_test_m2m 5 0x601ae880 0x50030000 0x400 1,FAIL : fail,20180728-170303
 dma_test_m2m 5 0x601ae880 0x50030000 0x800 0,FAIL : fail,20180728-170304
 dma_test_m2m 5 0x601ae880 0x50030000 0x800 1,FAIL : fail,20180728-170306
 dma_test_m2m 5 0x601ae880 0x500207c8 0x400 0,FAIL : fail,20180728-170306
 dma_test_m2m 5 0x601ae880 0x500207c8 0x400 1,FAIL : fail,20180728-170307
 dma_test_m2m 5 0x601ae880 0x500207c8 0x800 0,FAIL : fail,20180728-170307
 dma_test_m2m 5 0x601ae880 0x500207c8 0x800 1,FAIL : fail,20180728-170310
 dma_test_m2m 6 0x3000c000 0x50008000 0x400 0,FAIL : fail,20180728-170325
 dma_test_m2m 6 0x3000c000 0x50008000 0x400 1,FAIL : fail,20180728-170327
 dma_test_m2m 6 0x3000c000 0x50008000 0x800 0,FAIL : fail,20180728-170327
 dma_test_m2m 6 0x3000c000 0x50008000 0x800 1,FAIL : fail,20180728-170329
 dma_test_m2m 6 0x3000c000 0x50030000 0x400 0,FAIL : fail,20180728-170329
 dma_test_m2m 6 0x3000c000 0x50030000 0x400 1,FAIL : fail,20180728-170330
 dma_test_m2m 6 0x3000c000 0x50030000 0x800 0,FAIL : fail,20180728-170331
 dma_test_m2m 6 0x3000c000 0x50030000 0x800 1,FAIL : fail,20180728-170333
 dma_test_m2m 6 0x3000c000 0x500207c8 0x400 0,FAIL : fail,20180728-170333
 dma_test_m2m 6 0x3000c000 0x500207c8 0x400 1,FAIL : fail,20180728-170334
 dma_test_m2m 6 0x3000c000 0x500207c8 0x800 0,FAIL : fail,20180728-170334
 dma_test_m2m 6 0x3000c000 0x500207c8 0x800 1,FAIL : fail,20180728-170337
 dma_test_m2m 6 0x30034000 0x50008000 0x400 0,FAIL : fail,20180728-170352
 dma_test_m2m 6 0x30034000 0x50008000 0x400 1,FAIL : fail,20180728-170353
 dma_test_m2m 6 0x30034000 0x50008000 0x800 0,FAIL : fail,20180728-170354
 dma_test_m2m 6 0x30034000 0x50008000 0x800 1,FAIL : fail,20180728-170356
 dma_test_m2m 6 0x30034000 0x50030000 0x400 0,FAIL : fail,20180728-170356
 dma_test_m2m 6 0x30034000 0x50030000 0x400 1,FAIL : fail,20180728-170357
 dma_test_m2m 6 0x30034000 0x50030000 0x800 0,FAIL : fail,20180728-170357
 dma_test_m2m 6 0x30034000 0x50030000 0x800 1,FAIL : fail,20180728-170400
 dma_test_m2m 6 0x30034000 0x500207c8 0x400 0,FAIL : fail,20180728-170400
 dma_test_m2m 6 0x30034000 0x500207c8 0x400 1,FAIL : fail,20180728-170401
 dma_test_m2m 6 0x30034000 0x500207c8 0x800 0,FAIL : fail,20180728-170401
 dma_test_m2m 6 0x30034000 0x500207c8 0x800 1,FAIL : fail,20180728-170404
 dma_test_m2m 6 0x300283e4 0x30008000 0x400 0,FAIL : fail,20180728-170408
 dma_test_m2m 6 0x300283e4 0x30008000 0x400 1,FAIL : fail,20180728-170409
 dma_test_m2m 6 0x300283e4 0x30008000 0x800 0,FAIL : fail,20180728-170409
 dma_test_m2m 6 0x300283e4 0x30008000 0x800 1,FAIL : fail,20180728-170411
 dma_test_m2m 6 0x300283e4 0x30030000 0x400 0,FAIL : fail,20180728-170411
 dma_test_m2m 6 0x300283e4 0x30030000 0x400 1,FAIL : fail,20180728-170413
 dma_test_m2m 6 0x300283e4 0x30030000 0x800 0,FAIL : fail,20180728-170413
 dma_test_m2m 6 0x300283e4 0x30030000 0x800 1,FAIL : fail,20180728-170415
 dma_test_m2m 6 0x300283e4 0x300207c8 0x400 0,FAIL : fail,20180728-170415
 dma_test_m2m 6 0x300283e4 0x300207c8 0x400 1,FAIL : fail,20180728-170417
 dma_test_m2m 6 0x300283e4 0x300207c8 0x800 0,FAIL : fail,20180728-170417
 dma_test_m2m 6 0x300283e4 0x300207c8 0x800 1,FAIL : fail,20180728-170419
 dma_test_m2m 6 0x300283e4 0x50008000 0x400 0,FAIL : fail,20180728-170419
 dma_test_m2m 6 0x300283e4 0x50008000 0x400 1,FAIL : fail,20180728-170420
 dma_test_m2m 6 0x300283e4 0x50008000 0x800 0,FAIL : fail,20180728-170421
 dma_test_m2m 6 0x300283e4 0x50008000 0x800 1,FAIL : fail,20180728-170423
 dma_test_m2m 6 0x300283e4 0x50030000 0x400 0,FAIL : fail,20180728-170423
 dma_test_m2m 6 0x300283e4 0x50030000 0x400 1,FAIL : fail,20180728-170424
 dma_test_m2m 6 0x300283e4 0x50030000 0x800 0,FAIL : fail,20180728-170424
 dma_test_m2m 6 0x300283e4 0x50030000 0x800 1,FAIL : fail,20180728-170427
 dma_test_m2m 6 0x300283e4 0x500207c8 0x400 0,FAIL : fail,20180728-170427
 dma_test_m2m 6 0x300283e4 0x500207c8 0x400 1,FAIL : fail,20180728-170428
 dma_test_m2m 6 0x300283e4 0x500207c8 0x800 0,FAIL : fail,20180728-170428
 dma_test_m2m 6 0x300283e4 0x500207c8 0x800 1,FAIL : fail,20180728-170431
 dma_test_m2m 6 0x300283e4 0x6015b688 0x400 0,FAIL : fail,20180728-170431
 dma_test_m2m 6 0x300283e4 0x6015b688 0x400 1,FAIL : fail,20180728-170432
 dma_test_m2m 6 0x300283e4 0x6015b688 0x800 0,FAIL : fail,20180728-170432
 dma_test_m2m 6 0x300283e4 0x6015b688 0x800 1,FAIL : fail,20180728-170434
 dma_test_m2m 6 0x5000c000 0x30008000 0x400 0,FAIL : fail,20180728-170435
 dma_test_m2m 6 0x5000c000 0x30008000 0x400 1,FAIL : fail,20180728-170436
 dma_test_m2m 6 0x5000c000 0x30008000 0x800 0,FAIL : fail,20180728-170436
 dma_test_m2m 6 0x5000c000 0x30008000 0x800 1,FAIL : fail,20180728-170438
 dma_test_m2m 6 0x5000c000 0x30030000 0x400 0,FAIL : fail,20180728-170439
 dma_test_m2m 6 0x5000c000 0x30030000 0x400 1,FAIL : fail,20180728-170440
 dma_test_m2m 6 0x5000c000 0x30030000 0x800 0,FAIL : fail,20180728-170440
 dma_test_m2m 6 0x5000c000 0x30030000 0x800 1,FAIL : fail,20180728-170442
 dma_test_m2m 6 0x5000c000 0x300207c8 0x400 0,FAIL : fail,20180728-170442
 dma_test_m2m 6 0x5000c000 0x300207c8 0x400 1,FAIL : fail,20180728-170444
 dma_test_m2m 6 0x5000c000 0x300207c8 0x800 0,FAIL : fail,20180728-170444
 dma_test_m2m 6 0x5000c000 0x300207c8 0x800 1,FAIL : fail,20180728-170446
 dma_test_m2m 6 0x5000c000 0x50008000 0x400 0,FAIL : fail,20180728-170446
 dma_test_m2m 6 0x5000c000 0x50008000 0x400 1,FAIL : fail,20180728-170447
 dma_test_m2m 6 0x5000c000 0x50008000 0x800 0,FAIL : fail,20180728-170448
 dma_test_m2m 6 0x5000c000 0x50008000 0x800 1,FAIL : fail,20180728-170450
 dma_test_m2m 6 0x5000c000 0x50030000 0x400 0,FAIL : fail,20180728-170450
 dma_test_m2m 6 0x5000c000 0x50030000 0x400 1,FAIL : fail,20180728-170451
 dma_test_m2m 6 0x5000c000 0x50030000 0x800 0,FAIL : fail,20180728-170452
 dma_test_m2m 6 0x5000c000 0x50030000 0x800 1,FAIL : fail,20180728-170454
 dma_test_m2m 6 0x5000c000 0x500207c8 0x400 0,FAIL : fail,20180728-170454
 dma_test_m2m 6 0x5000c000 0x500207c8 0x400 1,FAIL : fail,20180728-170455
 dma_test_m2m 6 0x5000c000 0x500207c8 0x800 0,FAIL : fail,20180728-170455
 dma_test_m2m 6 0x5000c000 0x500207c8 0x800 1,FAIL : fail,20180728-170458
 dma_test_m2m 6 0x5000c000 0x6015b688 0x400 0,FAIL : fail,20180728-170458
 dma_test_m2m 6 0x5000c000 0x6015b688 0x400 1,FAIL : fail,20180728-170459
 dma_test_m2m 6 0x5000c000 0x6015b688 0x800 0,FAIL : fail,20180728-170459
 dma_test_m2m 6 0x5000c000 0x6015b688 0x800 1,FAIL : fail,20180728-170502
 dma_test_m2m 6 0x50034000 0x30008000 0x400 0,FAIL : fail,20180728-170502
 dma_test_m2m 6 0x50034000 0x30008000 0x400 1,FAIL : fail,20180728-170503
 dma_test_m2m 6 0x50034000 0x30008000 0x800 0,FAIL : fail,20180728-170503
 dma_test_m2m 6 0x50034000 0x30008000 0x800 1,FAIL : fail,20180728-170505
 dma_test_m2m 6 0x50034000 0x30030000 0x400 0,FAIL : fail,20180728-170506
 dma_test_m2m 6 0x50034000 0x30030000 0x400 1,FAIL : fail,20180728-170507
 dma_test_m2m 6 0x50034000 0x30030000 0x800 0,FAIL : fail,20180728-170507
 dma_test_m2m 6 0x50034000 0x30030000 0x800 1,FAIL : fail,20180728-170509
 dma_test_m2m 6 0x50034000 0x300207c8 0x400 0,FAIL : fail,20180728-170509
 dma_test_m2m 6 0x50034000 0x300207c8 0x400 1,FAIL : fail,20180728-170511
 dma_test_m2m 6 0x50034000 0x300207c8 0x800 0,FAIL : fail,20180728-170511
 dma_test_m2m 6 0x50034000 0x300207c8 0x800 1,FAIL : fail,20180728-170513
 dma_test_m2m 6 0x50034000 0x50008000 0x400 0,FAIL : fail,20180728-170513
 dma_test_m2m 6 0x50034000 0x50008000 0x400 1,FAIL : fail,20180728-170515
 dma_test_m2m 6 0x50034000 0x50008000 0x800 0,FAIL : fail,20180728-170515
 dma_test_m2m 6 0x50034000 0x50008000 0x800 1,FAIL : fail,20180728-170517
 dma_test_m2m 6 0x50034000 0x50030000 0x400 0,FAIL : fail,20180728-170517
 dma_test_m2m 6 0x50034000 0x50030000 0x400 1,FAIL : fail,20180728-170518
 dma_test_m2m 6 0x50034000 0x50030000 0x800 0,FAIL : fail,20180728-170519
 dma_test_m2m 6 0x50034000 0x50030000 0x800 1,FAIL : fail,20180728-170521
 dma_test_m2m 6 0x50034000 0x500207c8 0x400 0,FAIL : fail,20180728-170521
 dma_test_m2m 6 0x50034000 0x500207c8 0x400 1,FAIL : fail,20180728-170522
 dma_test_m2m 6 0x50034000 0x500207c8 0x800 0,FAIL : fail,20180728-170522
 dma_test_m2m 6 0x50034000 0x500207c8 0x800 1,FAIL : fail,20180728-170525
 dma_test_m2m 6 0x50034000 0x6015b688 0x400 0,FAIL : fail,20180728-170525
 dma_test_m2m 6 0x50034000 0x6015b688 0x400 1,FAIL : fail,20180728-170526
 dma_test_m2m 6 0x50034000 0x6015b688 0x800 0,FAIL : fail,20180728-170526
 dma_test_m2m 6 0x50034000 0x6015b688 0x800 1,FAIL : fail,20180728-170529
 dma_test_m2m 6 0x500283e4 0x30008000 0x400 0,FAIL : fail,20180728-170529
 dma_test_m2m 6 0x500283e4 0x30008000 0x400 1,FAIL : fail,20180728-170530
 dma_test_m2m 6 0x500283e4 0x30008000 0x800 0,FAIL : fail,20180728-170530
 dma_test_m2m 6 0x500283e4 0x30008000 0x800 1,FAIL : fail,20180728-170532
 dma_test_m2m 6 0x500283e4 0x30030000 0x400 0,FAIL : fail,20180728-170533
 dma_test_m2m 6 0x500283e4 0x30030000 0x400 1,FAIL : fail,20180728-170534
 dma_test_m2m 6 0x500283e4 0x30030000 0x800 0,FAIL : fail,20180728-170534
 dma_test_m2m 6 0x500283e4 0x30030000 0x800 1,FAIL : fail,20180728-170536
 dma_test_m2m 6 0x500283e4 0x300207c8 0x400 0,FAIL : fail,20180728-170537
 dma_test_m2m 6 0x500283e4 0x300207c8 0x400 1,FAIL : fail,20180728-170538
 dma_test_m2m 6 0x500283e4 0x300207c8 0x800 0,FAIL : fail,20180728-170538
 dma_test_m2m 6 0x500283e4 0x300207c8 0x800 1,FAIL : fail,20180728-170540
 dma_test_m2m 6 0x500283e4 0x50008000 0x400 0,FAIL : fail,20180728-170540
 dma_test_m2m 6 0x500283e4 0x50008000 0x400 1,FAIL : fail,20180728-170542
 dma_test_m2m 6 0x500283e4 0x50008000 0x800 0,FAIL : fail,20180728-170542
 dma_test_m2m 6 0x500283e4 0x50008000 0x800 1,FAIL : fail,20180728-170544
 dma_test_m2m 6 0x500283e4 0x50030000 0x400 0,FAIL : fail,20180728-170544
 dma_test_m2m 6 0x500283e4 0x50030000 0x400 1,FAIL : fail,20180728-170545
 dma_test_m2m 6 0x500283e4 0x50030000 0x800 0,FAIL : fail,20180728-170546
 dma_test_m2m 6 0x500283e4 0x50030000 0x800 1,FAIL : fail,20180728-170548
 dma_test_m2m 6 0x500283e4 0x500207c8 0x400 0,FAIL : fail,20180728-170548
 dma_test_m2m 6 0x500283e4 0x500207c8 0x400 1,FAIL : fail,20180728-170549
 dma_test_m2m 6 0x500283e4 0x500207c8 0x800 0,FAIL : fail,20180728-170550
 dma_test_m2m 6 0x500283e4 0x500207c8 0x800 1,FAIL : fail,20180728-170552
 dma_test_m2m 6 0x500283e4 0x6015b688 0x400 0,FAIL : fail,20180728-170552
 dma_test_m2m 6 0x500283e4 0x6015b688 0x400 1,FAIL : fail,20180728-170553
 dma_test_m2m 6 0x500283e4 0x6015b688 0x800 0,FAIL : fail,20180728-170553
 dma_test_m2m 6 0x500283e4 0x6015b688 0x800 1,FAIL : fail,20180728-170556
 dma_test_m2m 6 0x601ae880 0x50008000 0x400 0,FAIL : fail,20180728-170607
 dma_test_m2m 6 0x601ae880 0x50008000 0x400 1,FAIL : fail,20180728-170609
 dma_test_m2m 6 0x601ae880 0x50008000 0x800 0,FAIL : fail,20180728-170609
 dma_test_m2m 6 0x601ae880 0x50008000 0x800 1,FAIL : fail,20180728-170611
 dma_test_m2m 6 0x601ae880 0x50030000 0x400 0,FAIL : fail,20180728-170611
 dma_test_m2m 6 0x601ae880 0x50030000 0x400 1,FAIL : fail,20180728-170612
 dma_test_m2m 6 0x601ae880 0x50030000 0x800 0,FAIL : fail,20180728-170613
 dma_test_m2m 6 0x601ae880 0x50030000 0x800 1,FAIL : fail,20180728-170615
 dma_test_m2m 6 0x601ae880 0x500207c8 0x400 0,FAIL : fail,20180728-170615
 dma_test_m2m 6 0x601ae880 0x500207c8 0x400 1,FAIL : fail,20180728-170616
 dma_test_m2m 6 0x601ae880 0x500207c8 0x800 0,FAIL : fail,20180728-170617
 dma_test_m2m 6 0x601ae880 0x500207c8 0x800 1,FAIL : fail,20180728-170619
 dma_test_m2m 7 0x3000c000 0x50008000 0x400 0,FAIL : fail,20180728-170634
 dma_test_m2m 7 0x3000c000 0x50008000 0x400 1,FAIL : fail,20180728-170635
 dma_test_m2m 7 0x3000c000 0x50008000 0x800 0,FAIL : fail,20180728-170636
 dma_test_m2m 7 0x3000c000 0x50008000 0x800 1,FAIL : fail,20180728-170638
 dma_test_m2m 7 0x3000c000 0x50030000 0x400 0,FAIL : fail,20180728-170638
 dma_test_m2m 7 0x3000c000 0x50030000 0x400 1,FAIL : fail,20180728-170639
 dma_test_m2m 7 0x3000c000 0x50030000 0x800 0,FAIL : fail,20180728-170640
 dma_test_m2m 7 0x3000c000 0x50030000 0x800 1,FAIL : fail,20180728-170642
 dma_test_m2m 7 0x3000c000 0x500207c8 0x400 0,FAIL : fail,20180728-170642
 dma_test_m2m 7 0x3000c000 0x500207c8 0x400 1,FAIL : fail,20180728-170643
 dma_test_m2m 7 0x3000c000 0x500207c8 0x800 0,FAIL : fail,20180728-170643
 dma_test_m2m 7 0x3000c000 0x500207c8 0x800 1,FAIL : fail,20180728-170646
 dma_test_m2m 7 0x30034000 0x50008000 0x400 0,FAIL : fail,20180728-170701
 dma_test_m2m 7 0x30034000 0x50008000 0x400 1,FAIL : fail,20180728-170702
 dma_test_m2m 7 0x30034000 0x50008000 0x800 0,FAIL : fail,20180728-170703
 dma_test_m2m 7 0x30034000 0x50008000 0x800 1,FAIL : fail,20180728-170705
 dma_test_m2m 7 0x30034000 0x50030000 0x400 0,FAIL : fail,20180728-170705
 dma_test_m2m 7 0x30034000 0x50030000 0x400 1,FAIL : fail,20180728-170706
 dma_test_m2m 7 0x30034000 0x50030000 0x800 0,FAIL : fail,20180728-170706
 dma_test_m2m 7 0x30034000 0x50030000 0x800 1,FAIL : fail,20180728-170709
 dma_test_m2m 7 0x30034000 0x500207c8 0x400 0,FAIL : fail,20180728-170709
 dma_test_m2m 7 0x30034000 0x500207c8 0x400 1,FAIL : fail,20180728-170710
 dma_test_m2m 7 0x30034000 0x500207c8 0x800 0,FAIL : fail,20180728-170710
 dma_test_m2m 7 0x30034000 0x500207c8 0x800 1,FAIL : fail,20180728-170713
 dma_test_m2m 7 0x300283e4 0x30008000 0x400 0,FAIL : fail,20180728-170717
 dma_test_m2m 7 0x300283e4 0x30008000 0x400 1,FAIL : fail,20180728-170718
 dma_test_m2m 7 0x300283e4 0x30008000 0x800 0,FAIL : fail,20180728-170718
 dma_test_m2m 7 0x300283e4 0x30008000 0x800 1,FAIL : fail,20180728-170720
 dma_test_m2m 7 0x300283e4 0x30030000 0x400 0,FAIL : fail,20180728-170720
 dma_test_m2m 7 0x300283e4 0x30030000 0x400 1,FAIL : fail,20180728-170722
 dma_test_m2m 7 0x300283e4 0x30030000 0x800 0,FAIL : fail,20180728-170722
 dma_test_m2m 7 0x300283e4 0x30030000 0x800 1,FAIL : fail,20180728-170724
 dma_test_m2m 7 0x300283e4 0x300207c8 0x400 0,FAIL : fail,20180728-170724
 dma_test_m2m 7 0x300283e4 0x300207c8 0x400 1,FAIL : fail,20180728-170726
 dma_test_m2m 7 0x300283e4 0x300207c8 0x800 0,FAIL : fail,20180728-170726
 dma_test_m2m 7 0x300283e4 0x300207c8 0x800 1,FAIL : fail,20180728-170728
 dma_test_m2m 7 0x300283e4 0x50008000 0x400 0,FAIL : fail,20180728-170728
 dma_test_m2m 7 0x300283e4 0x50008000 0x400 1,FAIL : fail,20180728-170729
 dma_test_m2m 7 0x300283e4 0x50008000 0x800 0,FAIL : fail,20180728-170730
 dma_test_m2m 7 0x300283e4 0x50008000 0x800 1,FAIL : fail,20180728-170732
 dma_test_m2m 7 0x300283e4 0x50030000 0x400 0,FAIL : fail,20180728-170732
 dma_test_m2m 7 0x300283e4 0x50030000 0x400 1,FAIL : fail,20180728-170733
 dma_test_m2m 7 0x300283e4 0x50030000 0x800 0,FAIL : fail,20180728-170733
 dma_test_m2m 7 0x300283e4 0x50030000 0x800 1,FAIL : fail,20180728-170736
 dma_test_m2m 7 0x300283e4 0x500207c8 0x400 0,FAIL : fail,20180728-170736
 dma_test_m2m 7 0x300283e4 0x500207c8 0x400 1,FAIL : fail,20180728-170737
 dma_test_m2m 7 0x300283e4 0x500207c8 0x800 0,FAIL : fail,20180728-170737
 dma_test_m2m 7 0x300283e4 0x500207c8 0x800 1,FAIL : fail,20180728-170740
 dma_test_m2m 7 0x300283e4 0x6015b688 0x400 0,FAIL : fail,20180728-170740
 dma_test_m2m 7 0x300283e4 0x6015b688 0x400 1,FAIL : fail,20180728-170741
 dma_test_m2m 7 0x300283e4 0x6015b688 0x800 0,FAIL : fail,20180728-170741
 dma_test_m2m 7 0x300283e4 0x6015b688 0x800 1,FAIL : fail,20180728-170743
 dma_test_m2m 7 0x5000c000 0x30008000 0x400 0,FAIL : fail,20180728-170744
 dma_test_m2m 7 0x5000c000 0x30008000 0x400 1,FAIL : fail,20180728-170745
 dma_test_m2m 7 0x5000c000 0x30008000 0x800 0,FAIL : fail,20180728-170745
 dma_test_m2m 7 0x5000c000 0x30008000 0x800 1,FAIL : fail,20180728-170747
 dma_test_m2m 7 0x5000c000 0x30030000 0x400 0,FAIL : fail,20180728-170747
 dma_test_m2m 7 0x5000c000 0x30030000 0x400 1,FAIL : fail,20180728-170749
 dma_test_m2m 7 0x5000c000 0x30030000 0x800 0,FAIL : fail,20180728-170749
 dma_test_m2m 7 0x5000c000 0x30030000 0x800 1,FAIL : fail,20180728-170751
 dma_test_m2m 7 0x5000c000 0x300207c8 0x400 0,FAIL : fail,20180728-170751
 dma_test_m2m 7 0x5000c000 0x300207c8 0x400 1,FAIL : fail,20180728-170753
 dma_test_m2m 7 0x5000c000 0x300207c8 0x800 0,FAIL : fail,20180728-170753
 dma_test_m2m 7 0x5000c000 0x300207c8 0x800 1,FAIL : fail,20180728-170755
 dma_test_m2m 7 0x5000c000 0x50008000 0x400 0,FAIL : fail,20180728-170755
 dma_test_m2m 7 0x5000c000 0x50008000 0x400 1,FAIL : fail,20180728-170756
 dma_test_m2m 7 0x5000c000 0x50008000 0x800 0,FAIL : fail,20180728-170757
 dma_test_m2m 7 0x5000c000 0x50008000 0x800 1,FAIL : fail,20180728-170759
 dma_test_m2m 7 0x5000c000 0x50030000 0x400 0,FAIL : fail,20180728-170759
 dma_test_m2m 7 0x5000c000 0x50030000 0x400 1,FAIL : fail,20180728-170800
 dma_test_m2m 7 0x5000c000 0x50030000 0x800 0,FAIL : fail,20180728-170800
 dma_test_m2m 7 0x5000c000 0x50030000 0x800 1,FAIL : fail,20180728-170803
 dma_test_m2m 7 0x5000c000 0x500207c8 0x400 0,FAIL : fail,20180728-170803
 dma_test_m2m 7 0x5000c000 0x500207c8 0x400 1,FAIL : fail,20180728-170804
 dma_test_m2m 7 0x5000c000 0x500207c8 0x800 0,FAIL : fail,20180728-170804
 dma_test_m2m 7 0x5000c000 0x500207c8 0x800 1,FAIL : fail,20180728-170807
 dma_test_m2m 7 0x5000c000 0x6015b688 0x400 0,FAIL : fail,20180728-170807
 dma_test_m2m 7 0x5000c000 0x6015b688 0x400 1,FAIL : fail,20180728-170808
 dma_test_m2m 7 0x5000c000 0x6015b688 0x800 0,FAIL : fail,20180728-170808
 dma_test_m2m 7 0x5000c000 0x6015b688 0x800 1,FAIL : fail,20180728-170810
 dma_test_m2m 7 0x50034000 0x30008000 0x400 0,FAIL : fail,20180728-170811
 dma_test_m2m 7 0x50034000 0x30008000 0x400 1,FAIL : fail,20180728-170812
 dma_test_m2m 7 0x50034000 0x30008000 0x800 0,FAIL : fail,20180728-170812
 dma_test_m2m 7 0x50034000 0x30008000 0x800 1,FAIL : fail,20180728-170814
 dma_test_m2m 7 0x50034000 0x30030000 0x400 0,FAIL : fail,20180728-170814
 dma_test_m2m 7 0x50034000 0x30030000 0x400 1,FAIL : fail,20180728-170816
 dma_test_m2m 7 0x50034000 0x30030000 0x800 0,FAIL : fail,20180728-170816
 dma_test_m2m 7 0x50034000 0x30030000 0x800 1,FAIL : fail,20180728-170818
 dma_test_m2m 7 0x50034000 0x300207c8 0x400 0,FAIL : fail,20180728-170818
 dma_test_m2m 7 0x50034000 0x300207c8 0x400 1,FAIL : fail,20180728-170820
 dma_test_m2m 7 0x50034000 0x300207c8 0x800 0,FAIL : fail,20180728-170820
 dma_test_m2m 7 0x50034000 0x300207c8 0x800 1,FAIL : fail,20180728-170822
 dma_test_m2m 7 0x50034000 0x50008000 0x400 0,FAIL : fail,20180728-170822
 dma_test_m2m 7 0x50034000 0x50008000 0x400 1,FAIL : fail,20180728-170823
 dma_test_m2m 7 0x50034000 0x50008000 0x800 0,FAIL : fail,20180728-170824
 dma_test_m2m 7 0x50034000 0x50008000 0x800 1,FAIL : fail,20180728-170826
 dma_test_m2m 7 0x50034000 0x50030000 0x400 0,FAIL : fail,20180728-170826
 dma_test_m2m 7 0x50034000 0x50030000 0x400 1,FAIL : fail,20180728-170827
 dma_test_m2m 7 0x50034000 0x50030000 0x800 0,FAIL : fail,20180728-170827
 dma_test_m2m 7 0x50034000 0x50030000 0x800 1,FAIL : fail,20180728-170830
 dma_test_m2m 7 0x50034000 0x500207c8 0x400 0,FAIL : fail,20180728-170830
 dma_test_m2m 7 0x50034000 0x500207c8 0x400 1,FAIL : fail,20180728-170831
 dma_test_m2m 7 0x50034000 0x500207c8 0x800 0,FAIL : fail,20180728-170831
 dma_test_m2m 7 0x50034000 0x500207c8 0x800 1,FAIL : fail,20180728-170834
 dma_test_m2m 7 0x50034000 0x6015b688 0x400 0,FAIL : fail,20180728-170834
 dma_test_m2m 7 0x50034000 0x6015b688 0x400 1,FAIL : fail,20180728-170835
 dma_test_m2m 7 0x50034000 0x6015b688 0x800 0,FAIL : fail,20180728-170835
 dma_test_m2m 7 0x50034000 0x6015b688 0x800 1,FAIL : fail,20180728-170837
 dma_test_m2m 7 0x500283e4 0x30008000 0x400 0,FAIL : fail,20180728-170838
 dma_test_m2m 7 0x500283e4 0x30008000 0x400 1,FAIL : fail,20180728-170839
 dma_test_m2m 7 0x500283e4 0x30008000 0x800 0,FAIL : fail,20180728-170839
 dma_test_m2m 7 0x500283e4 0x30008000 0x800 1,FAIL : fail,20180728-170841
 dma_test_m2m 7 0x500283e4 0x30030000 0x400 0,FAIL : fail,20180728-170842
 dma_test_m2m 7 0x500283e4 0x30030000 0x400 1,FAIL : fail,20180728-170843
 dma_test_m2m 7 0x500283e4 0x30030000 0x800 0,FAIL : fail,20180728-170843
 dma_test_m2m 7 0x500283e4 0x30030000 0x800 1,FAIL : fail,20180728-170845
 dma_test_m2m 7 0x500283e4 0x300207c8 0x400 0,FAIL : fail,20180728-170845
 dma_test_m2m 7 0x500283e4 0x300207c8 0x400 1,FAIL : fail,20180728-170847
 dma_test_m2m 7 0x500283e4 0x300207c8 0x800 0,FAIL : fail,20180728-170847
 dma_test_m2m 7 0x500283e4 0x300207c8 0x800 1,FAIL : fail,20180728-170849
 dma_test_m2m 7 0x500283e4 0x50008000 0x400 0,FAIL : fail,20180728-170849
 dma_test_m2m 7 0x500283e4 0x50008000 0x400 1,FAIL : fail,20180728-170851
 dma_test_m2m 7 0x500283e4 0x50008000 0x800 0,FAIL : fail,20180728-170851
 dma_test_m2m 7 0x500283e4 0x50008000 0x800 1,FAIL : fail,20180728-170853
 dma_test_m2m 7 0x500283e4 0x50030000 0x400 0,FAIL : fail,20180728-170853
 dma_test_m2m 7 0x500283e4 0x50030000 0x400 1,FAIL : fail,20180728-170854
 dma_test_m2m 7 0x500283e4 0x50030000 0x800 0,FAIL : fail,20180728-170855
 dma_test_m2m 7 0x500283e4 0x50030000 0x800 1,FAIL : fail,20180728-170857
 dma_test_m2m 7 0x500283e4 0x500207c8 0x400 0,FAIL : fail,20180728-170857
 dma_test_m2m 7 0x500283e4 0x500207c8 0x400 1,FAIL : fail,20180728-170858
 dma_test_m2m 7 0x500283e4 0x500207c8 0x800 0,FAIL : fail,20180728-170858
 dma_test_m2m 7 0x500283e4 0x500207c8 0x800 1,FAIL : fail,20180728-170901
 dma_test_m2m 7 0x500283e4 0x6015b688 0x400 0,FAIL : fail,20180728-170901
 dma_test_m2m 7 0x500283e4 0x6015b688 0x400 1,FAIL : fail,20180728-170902
 dma_test_m2m 7 0x500283e4 0x6015b688 0x800 0,FAIL : fail,20180728-170902
 dma_test_m2m 7 0x500283e4 0x6015b688 0x800 1,FAIL : fail,20180728-170905
 dma_test_m2m 7 0x601ae880 0x50008000 0x400 0,FAIL : fail,20180728-170916
 dma_test_m2m 7 0x601ae880 0x50008000 0x400 1,FAIL : fail,20180728-170917
 dma_test_m2m 7 0x601ae880 0x50008000 0x800 0,FAIL : fail,20180728-170918
 dma_test_m2m 7 0x601ae880 0x50008000 0x800 1,FAIL : fail,20180728-170920
 dma_test_m2m 7 0x601ae880 0x50030000 0x400 0,FAIL : fail,20180728-170920
 dma_test_m2m 7 0x601ae880 0x50030000 0x400 1,FAIL : fail,20180728-170921
 dma_test_m2m 7 0x601ae880 0x50030000 0x800 0,FAIL : fail,20180728-170921
 dma_test_m2m 7 0x601ae880 0x50030000 0x800 1,FAIL : fail,20180728-170924
 dma_test_m2m 7 0x601ae880 0x500207c8 0x400 0,FAIL : fail,20180728-170924
 dma_test_m2m 7 0x601ae880 0x500207c8 0x400 1,FAIL : fail,20180728-170925
 dma_test_m2m 7 0x601ae880 0x500207c8 0x800 0,FAIL : fail,20180728-170925
 dma_test_m2m 7 0x601ae880 0x500207c8 0x800 1,FAIL : fail,20180728-170928
 i2c_test_loopback 100000 0 7b 0x55 1024 0xaa,TIMEOUT,20180728-171034
 i2c_test_loopback 100000 0 7b 0x55 1024 0x55,TIMEOUT,20180728-171134
 i2c_test_loopback 100000 0 7b 0x55 2048 0xaa,TIMEOUT,20180728-171235
 i2c_test_loopback 100000 0 7b 0x55 2048 0x55,TIMEOUT,20180728-171335
 i2c_test_loopback 100000 0 10b 0x123 1024 0xaa,TIMEOUT,20180728-171435
 i2c_test_loopback 100000 0 10b 0x123 1024 0x55,TIMEOUT,20180728-171535
 i2c_test_loopback 100000 0 10b 0x123 2048 0xaa,TIMEOUT,20180728-171635
 i2c_test_loopback 100000 0 10b 0x123 2048 0x55,TIMEOUT,20180728-171735
 i2c_test_loopback 400000 0 7b 0x55 1024 0xaa,TIMEOUT,20180728-171835
 i2c_test_loopback 400000 0 7b 0x55 1024 0x55,TIMEOUT,20180728-171936
 i2c_test_loopback 400000 0 7b 0x55 2048 0xaa,TIMEOUT,20180728-172036
 i2c_test_loopback 400000 0 7b 0x55 2048 0x55,TIMEOUT,20180728-172136
 i2c_test_loopback 400000 0 10b 0x123 1024 0xaa,TIMEOUT,20180728-172236
 i2c_test_loopback 400000 0 10b 0x123 1024 0x55,TIMEOUT,20180728-172336
 i2c_test_loopback 400000 0 10b 0x123 2048 0xaa,TIMEOUT,20180728-172436
 i2c_test_loopback 400000 0 10b 0x123 2048 0x55,TIMEOUT,20180728-172536
 i2c_int_master 0x55 7b,TIMEOUT,20180728-172636
 i2c_int_master 0x123 10b,TIMEOUT,20180728-172737
 i2c_test_loopback 100000 0 7b 0x55 1024 0xaa,TIMEOUT,20180728-172837
 i2c_test_loopback 100000 0 7b 0x55 1024 0x55,TIMEOUT,20180728-172937
 i2c_test_loopback 100000 0 7b 0x55 2048 0xaa,TIMEOUT,20180728-173037
 i2c_test_loopback 100000 0 7b 0x55 2048 0x55,TIMEOUT,20180728-173137
 i2c_test_loopback 100000 0 10b 0x123 1024 0xaa,TIMEOUT,20180728-173237
 i2c_test_loopback 100000 0 10b 0x123 1024 0x55,TIMEOUT,20180728-173338
 i2c_test_loopback 100000 0 10b 0x123 2048 0xaa,TIMEOUT,20180728-173438
 i2c_test_loopback 100000 0 10b 0x123 2048 0x55,TIMEOUT,20180728-173538
 i2c_test_loopback 400000 0 7b 0x55 1024 0xaa,TIMEOUT,20180728-173638
 i2c_test_loopback 400000 0 7b 0x55 1024 0x55,TIMEOUT,20180728-173738
 i2c_test_loopback 400000 0 7b 0x55 2048 0xaa,TIMEOUT,20180728-173838
 i2c_test_loopback 400000 0 7b 0x55 2048 0x55,TIMEOUT,20180728-173938
 i2c_test_loopback 400000 0 10b 0x123 1024 0xaa,TIMEOUT,20180728-174038
 i2c_test_loopback 400000 0 10b 0x123 1024 0x55,TIMEOUT,20180728-174139
 i2c_test_loopback 400000 0 10b 0x123 2048 0xaa,TIMEOUT,20180728-174239
 i2c_test_loopback 400000 0 10b 0x123 2048 0x55,TIMEOUT,20180728-174339
 i2c_int_master 0x55 7b,TIMEOUT,20180728-174439
 i2c_int_master 0x123 10b,TIMEOUT,20180728-174539
 mem_wr8 0x60000000 0xaa,TIMEOUT,20180728-174647
 mem_wr8 0x60000000 0x55,TIMEOUT,20180728-174747
 mem_wr8 0x60080000 0xaa,TIMEOUT,20180728-174847
 mem_wr8 0x60080000 0x55,TIMEOUT,20180728-174947
 mem_wr8 0x60100000 0xaa,TIMEOUT,20180728-175047
 mem_wr8 0x60100000 0x55,TIMEOUT,20180728-175148
 mem_wr8 0x60180000 0xaa,TIMEOUT,20180728-175248
 mem_wr8 0x60180000 0x55,TIMEOUT,20180728-175348
 mem_wr16 0x60000000 0x55aa,TIMEOUT,20180728-175448
 mem_wr16 0x60000000 0xaabb,TIMEOUT,20180728-175548
 mem_wr16 0x60080000 0x55aa,TIMEOUT,20180728-175648
 mem_wr16 0x60080000 0xaabb,TIMEOUT,20180728-175748
 mem_wr16 0x60100000 0x55aa,TIMEOUT,20180728-175848
 mem_wr16 0x60100000 0xaabb,TIMEOUT,20180728-175949
 mem_wr16 0x60180000 0x55aa,TIMEOUT,20180728-180049
 mem_wr16 0x60180000 0xaabb,TIMEOUT,20180728-180149
 mem_wr32 0x60000000 0xaa55a5a5,TIMEOUT,20180728-180249
 mem_wr32 0x60000000 0x55aa5a5a,TIMEOUT,20180728-180349
 mem_wr32 0x60080000 0xaa55a5a5,TIMEOUT,20180728-180449
 mem_wr32 0x60080000 0x55aa5a5a,TIMEOUT,20180728-180549
 mem_wr32 0x60100000 0xaa55a5a5,TIMEOUT,20180728-180649
 mem_wr32 0x60100000 0x55aa5a5a,TIMEOUT,20180728-180750
 mem_wr32 0x60180000 0xaa55a5a5,TIMEOUT,20180728-180850
 mem_wr32 0x60180000 0x55aa5a5a,TIMEOUT,20180728-180950
 mem_rd8 0x60000000 0x100,TIMEOUT,20180728-181050
 mem_rd8 0x60000000 0x1000,TIMEOUT,20180728-181150
 mem_rd8 0x60000000 0x10000,TIMEOUT,20180728-181250
 mem_rd8 0x60080000 0x100,TIMEOUT,20180728-181350
 mem_rd8 0x60080000 0x1000,TIMEOUT,20180728-181451
 mem_rd8 0x60080000 0x10000,TIMEOUT,20180728-181551
 mem_rd8 0x60100000 0x100,TIMEOUT,20180728-181651
 mem_rd8 0x60100000 0x1000,TIMEOUT,20180728-181751
 mem_rd8 0x60100000 0x10000,TIMEOUT,20180728-181851
 mem_rd8 0x60180000 0x100,TIMEOUT,20180728-181951
 mem_rd8 0x60180000 0x1000,TIMEOUT,20180728-182051
 mem_rd8 0x60180000 0x10000,TIMEOUT,20180728-182151
 mem_rd16 0x60000000 0x100,TIMEOUT,20180728-182252
 mem_rd16 0x60000000 0x1000,TIMEOUT,20180728-182352
 mem_rd16 0x60000000 0x10000,TIMEOUT,20180728-182452
 mem_rd16 0x60080000 0x100,TIMEOUT,20180728-182552
 mem_rd16 0x60080000 0x1000,TIMEOUT,20180728-182652
 mem_rd16 0x60080000 0x10000,TIMEOUT,20180728-182752
 mem_rd16 0x60100000 0x100,TIMEOUT,20180728-182852
 mem_rd16 0x60100000 0x1000,TIMEOUT,20180728-182952
 mem_rd16 0x60100000 0x10000,TIMEOUT,20180728-183053
 mem_rd16 0x60180000 0x100,TIMEOUT,20180728-183153
 mem_rd16 0x60180000 0x1000,TIMEOUT,20180728-183253
 mem_rd16 0x60180000 0x10000,TIMEOUT,20180728-183353
 mem_rd32 0x60000000 0x100,TIMEOUT,20180728-183453
 mem_rd32 0x60000000 0x1000,TIMEOUT,20180728-183553
 mem_rd32 0x60000000 0x10000,TIMEOUT,20180728-183653
 mem_rd32 0x60080000 0x100,TIMEOUT,20180728-183753
 mem_rd32 0x60080000 0x1000,TIMEOUT,20180728-183854
 mem_rd32 0x60080000 0x10000,TIMEOUT,20180728-183954
 mem_rd32 0x60100000 0x100,TIMEOUT,20180728-184054
 mem_rd32 0x60100000 0x1000,TIMEOUT,20180728-184154
 mem_rd32 0x60100000 0x10000,TIMEOUT,20180728-184254
 mem_rd32 0x60180000 0x100,TIMEOUT,20180728-184354
 mem_rd32 0x60180000 0x1000,TIMEOUT,20180728-184454
 mem_rd32 0x60180000 0x10000,TIMEOUT,20180728-184554
 i2s_test_loopback 0 2 0 0 16 1 0 0 1024,TIMEOUT,20180728-184655
 i2s_test_loopback 0 2 0 0 16 1 0 0 2048,TIMEOUT,20180728-184755
 i2s_test_loopback 0 2 0 0 24 1 0 0 1024,TIMEOUT,20180728-184856
 i2s_test_loopback 0 2 0 0 24 1 0 0 2048,TIMEOUT,20180728-184956
 i2s_test_loopback 0 2 0 0 32 1 0 0 1024,TIMEOUT,20180728-185056
 i2s_test_loopback 0 2 0 0 32 1 0 0 2048,TIMEOUT,20180728-185156
 i2s_test_loopback 0 2 0 1 16 1 0 0 1024,TIMEOUT,20180728-185256
 i2s_test_loopback 0 2 0 1 16 1 0 0 2048,TIMEOUT,20180728-185356
 i2s_test_loopback 0 2 0 1 24 1 0 0 1024,TIMEOUT,20180728-185456
 i2s_test_loopback 0 2 0 1 24 1 0 0 2048,TIMEOUT,20180728-185556
 i2s_test_loopback 0 2 0 1 32 1 0 0 1024,TIMEOUT,20180728-185657
 i2s_test_loopback 0 2 0 1 32 1 0 0 2048,TIMEOUT,20180728-185757
 i2s_test_loopback 0 2 1 0 16 1 0 0 1024,TIMEOUT,20180728-185857
 i2s_test_loopback 0 2 1 0 16 1 0 0 2048,TIMEOUT,20180728-185957
 i2s_test_loopback 0 2 1 0 24 1 0 0 1024,TIMEOUT,20180728-190057
 i2s_test_loopback 0 2 1 0 24 1 0 0 2048,TIMEOUT,20180728-190157
 i2s_test_loopback 0 2 1 0 32 1 0 0 1024,TIMEOUT,20180728-190257
 i2s_test_loopback 0 2 1 0 32 1 0 0 2048,TIMEOUT,20180728-190357
 i2s_test_loopback 0 2 1 1 16 1 0 0 1024,TIMEOUT,20180728-190458
 i2s_test_loopback 0 2 1 1 16 1 0 0 2048,TIMEOUT,20180728-190558
 i2s_test_loopback 0 2 1 1 24 1 0 0 1024,TIMEOUT,20180728-190658
 i2s_test_loopback 0 2 1 1 24 1 0 0 2048,TIMEOUT,20180728-190758
 i2s_test_loopback 0 2 1 1 32 1 0 0 1024,TIMEOUT,20180728-190858
 i2s_test_loopback 0 2 1 1 32 1 0 0 2048,TIMEOUT,20180728-190958
